,MergeSort,SelectionSort
1,273,120
2,691,186
3,928,194
4,1244,255
5,1554,334
6,2273,491
7,2339,546
8,3811,753
9,2222,789
10,2534,982
11,2785,1095
12,643,1307
13,637,1609
14,624,1661
15,678,1847
16,785,2142
17,755,1094
18,775,524
19,844,566
20,881,658
21,1131,669
22,982,741
23,1269,777
24,1172,887
25,1155,1322
26,1158,980
27,1185,1026
28,1265,1065
29,1297,1110
30,1399,1221
31,1346,1235
32,1382,1453
33,1480,1431
34,1523,1511
35,1459,1697
36,1607,1731
37,1564,1802
38,1652,1869
39,1773,1862
40,1779,1973
41,1845,2114
42,2025,2140
43,2071,2202
44,1876,2723
45,2118,2493
46,1959,2507
47,2041,2737
48,2036,2743
49,2086,2880
50,2174,3180
51,2156,2983
52,2182,3128
53,2304,3333
54,2415,3611
55,2418,3736
56,2362,3503
57,2468,3668
58,2551,4208
59,2548,4418
60,2682,4030
61,2732,4446
62,14253,4130
63,2699,4523
64,2720,4644
65,2871,4542
66,2868,5080
67,3183,5229
68,3008,5225
69,3150,5631
70,3131,5234
71,3293,5885
72,3183,5405
73,3311,5936
74,3300,6136
75,3318,6333
76,3714,6342
77,3486,6136
78,3582,6289
79,3706,12028
80,3646,12414
81,3829,12359
82,3875,18430
83,3652,12490
84,3711,11028
85,3838,11240
86,3861,11741
87,4058,14077
88,3949,13833
89,4879,13119
90,2592,13492
91,2629,14064
92,2541,17705
93,2836,18145
94,2678,16276
95,2693,16284
96,2698,15769
97,3050,18488
98,2805,16422
99,2722,1315
100,14756,1198
101,2842,1131
102,2854,1162
103,2892,1175
104,2833,1166
105,2992,1589
106,3029,1259
107,3073,1300
108,2911,1324
109,3009,1327
110,3075,1386
111,3113,1442
112,3070,1461
113,3204,1478
114,3121,1462
115,4856,1518
116,3290,1601
117,3337,1604
118,3410,1657
119,3755,1672
120,3391,2943
121,3329,1643
122,3329,1730
123,3334,1762
124,3375,1784
125,3508,1847
126,14970,1922
127,3422,1846
128,3467,1920
129,3555,1967
130,3792,1982
131,3813,2107
132,3605,2125
133,3773,2164
134,3775,2212
135,3742,2174
136,3859,2411
137,3699,2318
138,3678,2309
139,3843,2366
140,3807,2396
141,3871,2446
142,4036,2691
143,3956,2507
144,3898,2474
145,4037,2532
146,3942,2524
147,4095,2589
148,15817,2631
149,4200,2619
150,4097,2640
151,4063,2688
152,4362,4468
153,4493,2844
154,4400,2872
155,4399,2923
156,4397,2941
157,4509,2965
158,4415,3045
159,4424,3007
160,4478,3080
161,4588,3095
162,5082,3228
163,4680,3231
164,4637,3185
165,4665,3247
166,6052,4105
167,19016,4188
168,4794,3401
169,5996,5803
170,4906,3392
171,5841,4189
172,4832,3452
173,6688,3541
174,5121,3546
175,5055,3658
176,5193,3679
177,7061,3737
178,5898,3681
179,5119,3762
180,5140,3843
181,5210,3870
182,5312,3908
183,5450,4012
184,6988,4003
185,5357,3926
186,5443,3972
187,5482,4041
188,5400,4018
189,5358,4083
190,5570,4234
191,5485,4234
192,6936,6229
193,6941,4307
194,5643,4316
195,5568,4298
196,5544,4321
197,5885,4404
198,19460,5928
199,5694,4526
200,5630,4505
201,5718,4575
202,5727,4600
203,5891,6284
204,6007,4812
205,6209,4848
206,7161,4807
207,5947,4819
208,5981,4908
209,6051,4944
210,6049,5044
211,6220,5080
212,20497,5050
213,5997,4898
214,5956,5003
215,6089,5021
216,5943,5014
217,6075,5183
218,6173,5123
219,6346,8358
220,6182,5372
221,6301,5402
222,6308,5446
223,6378,5460
224,6372,5596
225,24037,5848
226,6376,5644
227,6423,5640
228,6529,5694
229,6620,5747
230,6574,5834
231,8202,7781
232,6559,5972
233,6638,5962
234,6720,5956
235,6683,6085
236,6537,6081
237,6826,7790
238,18150,6247
239,6488,6193
240,6414,6222
241,6741,6321
242,6714,10039
243,6887,6467
244,6847,6498
245,6989,6538
246,6989,6582
247,7040,6554
248,10114,6749
249,7312,6763
250,21023,6764
251,6891,6766
252,7330,7073
253,7102,7096
254,7173,6976
255,7156,6947
256,8225,8257
257,8635,9546
258,6209,7386
259,6053,7244
260,6172,7451
261,187965,7878
262,6441,7699
263,6380,7699
264,6779,9162
265,6269,7685
266,6355,7887
267,6346,7790
268,6368,7782
269,6643,7849
270,8044,8063
271,6442,7920
272,6498,7956
273,6624,7909
274,6756,9711
275,6817,8518
276,6771,8367
277,6803,8450
278,6829,8346
279,6827,8610
280,6868,8742
281,6962,8784
282,7303,8777
283,6947,8768
284,6940,8742
285,7104,8805
286,6911,9971
287,6788,8633
288,6792,8712
289,6863,8819
290,6948,9005
291,7186,10564
292,7186,9244
293,7178,9088
294,7188,9050
295,7230,9194
296,8685,10495
297,7001,9010
298,7028,9126
299,7055,9138
300,7009,9519
301,9062,11015
302,7298,9532
303,7227,9723
304,7410,9589
305,7702,11428
306,7464,9882
307,7384,9771
308,7445,9901
309,7477,9968
310,9400,11657
311,7596,10037
312,7564,10167
313,7589,10192
314,9582,10467
315,8877,10423
316,7602,10382
317,7620,10801
318,7874,10624
319,7845,10828
320,9607,10846
321,8036,10893
322,9691,12052
323,8149,11549
324,8067,11148
325,10646,14506
326,8109,11131
327,9475,11462
328,8114,11107
329,8121,11202
330,8344,11061
331,9556,11299
332,8187,11224
333,8162,11375
334,8290,11363
335,8315,14700
336,8543,11611
337,8138,11633
338,8297,11786
339,8345,11857
340,8038,11575
341,8240,11431
342,8242,11514
343,8679,12692
344,8990,11685
345,8321,11866
346,8400,11936
347,11293,12818
348,8469,12731
349,8509,12094
350,8457,12150
351,9405,12377
352,8777,12664
353,8689,12536
354,8798,12721
355,8952,13709
356,8669,12527
357,8611,12607
358,8698,12624
359,9438,13801
360,8922,13081
361,8794,12776
362,8792,12768
363,10718,15735
364,8680,13050
365,9690,13314
366,11300,18140
367,22791,14802
368,11393,14549
369,11461,13939
370,10331,13518
371,9125,13657
372,9234,13969
373,9256,14244
374,8996,13594
375,20512,13662
376,9091,14118
377,9267,14145
378,9339,14379
379,9442,14250
380,9685,14355
381,9501,14288
382,20603,14600
383,9442,14639
384,9496,14533
385,11332,15925
386,9661,14852
387,10133,14403
388,9451,14501
389,22689,16355
390,10117,14619
391,9601,14838
392,9597,14847
393,10074,16283
394,9912,15133
395,10304,15060
396,22451,15119
397,9694,15043
398,9599,15317
399,10050,16944
400,9724,15311
401,9825,15289
402,9791,15533
403,22349,16495
404,9670,15480
405,10008,16639
406,9965,16383
407,9818,15795
408,9892,15956
409,10109,16121
410,20484,15895
411,9817,16106
412,9945,16256
413,10003,16223
414,9976,16255
415,10167,16542
416,21157,16410
417,9945,16429
418,10014,16764
419,11637,17670
420,10154,16753
421,11243,17041
422,10085,16866
423,21580,16775
424,11818,17731
425,10201,17591
426,10106,17404
427,11691,22359
428,10406,17707
429,22633,17990
430,10383,18599
431,10248,17591
432,11407,17889
433,11042,17512
434,10404,17642
435,22856,18024
436,10434,18323
437,10419,18222
438,10702,18972
439,10515,18146
440,10467,18284
441,10807,20143
442,22175,18282
443,10339,18664
444,10640,18640
445,10680,18569
446,10655,18545
447,11510,19576
448,22758,18806
449,10781,20747
450,10641,19077
451,10622,19054
452,10852,19362
453,10692,19103
454,23380,19243
455,11220,20642
456,10829,20435
457,10946,19614
458,10860,19535
459,10820,19576
460,22571,20009
461,10769,19765
462,10988,19927
463,11039,20387
464,10912,20121
465,10984,20027
466,22283,20144
467,10926,20160
468,11185,20205
469,11050,20423
470,11132,20450
471,22752,20565
472,11048,20519
473,11346,20550
474,11081,20758
475,11038,20833
476,11327,20832
477,24641,22251
478,11202,21233
479,11143,21327
480,11275,21363
481,11626,22847
482,12064,21463
483,23177,22083
484,11367,21493
485,11436,21610
486,11576,21784
487,11310,21976
488,11523,22255
489,11401,22038
490,11418,21963
491,11521,23051
492,11432,22305
493,12163,22353
494,23842,22785
495,11336,22621
496,11475,22588
497,11517,22982
498,11615,23003
499,11574,22712
500,23385,22869
501,11761,22894
502,11903,22982
503,11754,23341
504,11815,23291
505,23547,23510
506,11606,23190
507,11777,23539
508,11738,23680
509,11764,23587
510,23328,23995
511,11531,23863
512,11726,24082
513,12118,24232
514,11978,24201
515,12414,24237
516,23629,24402
517,12176,24409
518,12062,24180
519,12220,24557
520,12129,24502
521,23903,24845
522,12272,24832
523,12195,24864
524,12097,24808
525,12103,25337
526,12103,25469
527,12006,25156
528,14315,33034
529,12443,29448
530,12643,25435
531,24407,25496
532,12149,25790
533,12304,25923
534,12314,25882
535,12406,25900
536,12429,25963
537,23705,26199
538,12550,26096
539,12624,27043
540,12377,26246
541,12632,26475
542,23773,26397
543,12513,26983
544,12671,26630
545,13245,26842
546,12859,26997
547,24010,27194
548,12553,26838
549,13446,28501
550,12834,27240
551,25776,31028
552,12872,27751
553,14753,29590
554,15533,27975
555,13384,29359
556,24877,27888
557,12924,29068
558,12852,27947
559,14076,28741
560,12927,28189
561,25652,29170
562,13016,28190
563,13187,29654
564,13322,28869
565,13305,28641
566,25057,28781
567,13530,28928
568,13554,29192
569,13893,30204
570,13818,31380
571,28513,31936
572,13502,29632
573,13488,31355
574,13602,29180
575,25311,29771
576,14112,30369
577,13613,29619
578,13565,30212
579,15766,30332
580,25926,31123
581,13680,30045
582,15147,30903
583,16032,31515
584,25777,31356
585,13739,30532
586,15054,31335
587,14393,31364
588,14309,34423
589,27218,31505
590,13893,31168
591,14367,31177
592,14055,31058
593,25406,31349
594,13947,31102
595,14330,31388
596,14379,31326
597,15301,32115
598,25857,31720
599,15033,33133
600,14319,31939
601,15445,32698
602,27427,32210
603,14374,32013
604,15172,33276
605,14399,32715
606,14655,33105
607,28184,33893
608,14335,32974
609,14805,32902
610,17956,35808
611,26144,33949
612,14490,33004
613,14666,33962
614,14638,33100
615,26411,33551
616,14569,33656
617,14812,33635
618,15053,34039
619,14915,33901
620,26849,34148
621,14871,34139
622,14877,33992
623,15030,34641
624,26087,34376
625,15033,34409
626,14971,34632
627,15076,34910
628,27314,34973
629,15102,35102
630,15399,35184
631,16958,38735
632,27885,39635
633,15068,35791
634,15018,35340
635,15119,35386
636,15142,35205
637,27286,35813
638,15403,35903
639,15343,35971
640,16621,36615
641,27776,37262
642,15484,39104
643,15440,37785
644,15400,36155
645,28085,37945
646,17358,39583
647,15575,37200
648,15862,37141
649,27012,37403
650,15573,37045
651,15679,37270
652,15861,37581
653,27677,38008
654,15940,37773
655,16039,38019
656,15944,38076
657,15880,38241
658,16049,37877
659,16472,38125
660,16355,38471
661,27714,38554
662,16005,38527
663,16222,38904
664,16496,38597
665,27635,39015
666,16138,38739
667,16452,38629
668,16578,38941
669,28124,38918
670,16348,40525
671,17503,40308
672,17591,41628
673,35036,48390
674,16823,40916
675,16769,40783
676,17131,40620
677,30654,41385
678,18818,44836
679,19441,47232
680,31241,49909
681,16885,44714
682,18535,45333
683,19443,43502
684,31789,45901
685,17663,45335
686,20536,52431
687,23788,57501
688,28424,42240
689,19449,44540
690,28036,47565
691,17890,45551
692,30132,44239
693,17467,42622
694,20859,46111
695,19016,45136
696,30644,46680
697,17598,42972
698,17725,43833
699,30689,43700
700,17399,44346
701,17347,44089
702,17968,43962
703,28116,44681
704,17192,43099
705,17607,43054
706,17499,43478
707,31238,46166
708,17543,43663
709,17734,44119
710,17455,43728
711,28397,43765
712,18577,44859
713,18539,45356
714,29283,44435
715,17707,44425
716,17995,44132
717,17922,44706
718,29491,44279
719,17836,44799
720,17918,44505
721,29716,44886
722,17831,44784
723,18063,45226
724,18076,45004
725,29277,45417
726,18238,45164
727,18502,48384
728,18614,45555
729,30007,45735
730,18342,45627
731,18267,45681
732,29102,46213
733,18513,46298
734,18635,45824
735,18663,46344
736,166033,48878
737,19459,50142
738,19050,48205
739,19345,48836
740,18830,48244
741,19114,48745
742,19771,48675
743,19222,48456
744,19131,49111
745,19096,49447
746,18994,49201
747,18971,48278
748,18641,48564
749,18987,48660
750,19110,48445
751,19031,50359
752,19062,49559
753,19278,49459
754,19029,48918
755,19203,49445
756,18976,49335
757,19488,49364
758,19332,49346
759,19050,50248
760,19181,50130
761,19169,50359
762,21218,52802
763,20243,51819
764,19492,52101
765,19292,49700
766,20253,52745
767,19359,50223
768,19324,50505
769,19645,50778
770,19621,50973
771,19883,50629
772,19654,50888
773,19597,50850
774,19564,51082
775,19652,51478
776,20061,53420
777,20149,53237
778,20078,55537
779,19857,51378
780,19925,51631
781,32019,51858
782,19709,52188
783,19930,51934
784,20123,52209
785,20150,52122
786,20305,52542
787,20071,52606
788,20125,53925
789,21007,56888
790,20271,52959
791,20374,53409
792,20453,53414
793,20393,53819
794,20439,53506
795,20683,54204
796,20407,53813
797,20504,54152
798,20524,54212
799,20869,54327
800,20894,54524
801,21621,55447
802,22159,55778
803,20671,55281
804,20827,56733
805,20982,56595
806,21567,56089
807,21000,55916
808,20815,55285
809,20580,55512
810,21035,56337
811,20961,56248
812,20961,56555
813,20909,56267
814,21661,57573
815,20833,56659
816,20906,57150
817,21097,56685
818,20558,56412
819,20814,57091
820,21130,56997
821,20991,57037
822,21692,58877
823,21681,67160
824,23612,67047
825,23716,63355
826,22638,60832
827,22499,58279
828,23448,58621
829,22071,59960
830,22315,59865
831,21640,60374
832,21209,60602
833,21728,59735
834,21129,58413
835,21489,58604
836,21213,59131
837,21380,59639
838,24128,62921
839,21723,59945
840,21901,59494
841,24995,66937
842,22173,61207
843,22763,60510
844,22624,60611
845,22763,60840
846,21583,61951
847,21739,62827
848,21408,60615
849,21817,60447
850,22058,60651
851,22081,60864
852,22191,64732
853,22519,62691
854,22900,62971
855,22133,63014
856,22171,63673
857,22828,63501
858,23137,62867
859,22659,63370
860,23208,63017
861,25182,66403
862,22245,62847
863,22514,63243
864,22005,62981
865,23248,63702
866,22273,63150
867,22320,63291
868,22368,67264
869,22466,63919
870,22407,64203
871,22315,63798
872,22635,63827
873,22385,64182
874,22512,64495
875,22368,66160
876,22605,66206
877,22558,65971
878,23386,66532
879,22371,67810
880,22377,64708
881,22398,64965
882,22449,65184
883,23974,67590
884,22799,65714
885,22657,65590
886,22481,65977
887,22635,65337
888,22494,68509
889,23910,72017
890,24194,67569
891,23782,67564
892,22752,66774
893,22685,67150
894,22738,66633
895,23372,67467
896,24477,69270
897,24032,69460
898,23566,68731
899,22992,69300
900,23594,68987
901,23453,69245
902,23493,69993
903,22978,70560
904,23268,72014
905,23784,70288
906,23238,70208
907,26493,69519
908,25295,73890
909,23335,72543
910,23258,72343
911,23485,71915
912,23466,70543
913,23034,69476
914,23102,69973
915,23317,69797
916,23153,69850
917,23457,73739
918,23609,72016
919,25495,76393
920,23789,72074
921,24716,72093
922,23800,72579
923,24609,72004
924,25973,73759
925,26986,74767
926,24464,73473
927,24328,74346
928,24267,79685
929,24644,73628
930,23377,72107
931,23665,72371
932,23539,72209
933,23949,72458
934,23729,73134
935,23835,73269
936,24016,74634
937,23890,73061
938,23723,72873
939,23859,73472
940,23931,73722
941,23870,73960
942,23616,73725
943,23799,73884
944,23706,73928
945,25155,76956
946,25521,78168
947,23762,74990
948,24000,74480
949,23942,75000
950,23981,74921
951,24289,75394
952,24079,75086
953,24127,75860
954,24086,75376
955,24196,75797
956,25557,79253
957,24658,75554
958,24126,76105
959,24220,76529
960,24089,76038
961,24008,76948
962,24446,77261
963,24260,77135
964,24655,79262
965,26397,78830
966,24263,77447
967,24343,77622
968,24573,77981
969,24368,77810
970,24457,78427
971,24576,78920
972,24506,78454
973,24701,78853
974,24661,78672
975,24519,79575
976,25150,81796
977,24625,79210
978,24929,79141
979,24490,78945
980,24542,79143
981,24694,82349
982,25284,83020
983,25319,85341
984,25409,79759
985,25017,79770
986,24903,80075
987,25207,80263
988,25308,81763
989,25103,81100
990,24951,82443
991,24747,83334
992,24623,81177
993,24930,81193
994,24881,81788
995,24903,81795
996,25056,82212
997,25590,84936
998,26586,83091
999,30399,89273
1000,25936,85112
1001,27389,85408
1002,25641,84351
1003,25864,83321
1004,25090,82503
1005,36754,83446
1006,25182,83220
1007,36295,83643
1008,24963,84068
1009,24996,83440
1010,36136,83454
1011,25199,84263
1012,36727,84191
1013,24946,84609
1014,25171,84707
1015,36409,84497
1016,30587,94326
1017,26566,88466
1018,38749,88971
1019,25666,88705
1020,36656,85811
1021,25310,85311
1022,25550,85930
1023,36735,86418
1024,25309,85972
1025,36808,88675
1026,25490,86822
1027,25585,86638
1028,36826,86608
1029,25577,86900
1030,37138,87447
1031,25612,93222
1032,25826,88676
1033,37359,87446
1034,26029,87712
1035,39099,89197
1036,25591,87746
1037,26067,89420
1038,38615,91394
1039,26882,89315
1040,43821,94120
1041,27243,89393
1042,26025,89640
1043,38868,91482
1044,26121,90382
1045,37452,90935
1046,26172,92911
1047,29840,94819
1048,38910,90534
1049,26315,89947
1050,26313,90383
1051,28026,92147
1052,26829,90776
1053,38055,90337
1054,26190,90944
1055,37427,91403
1056,27011,93852
1057,26842,90924
1058,37815,91493
1059,26583,91229
1060,38421,92313
1061,28540,93741
1062,27799,99259
1063,39670,96091
1064,27665,92939
1065,40271,92978
1066,28185,94934
1067,40477,96070
1068,26904,94631
1069,28040,95971
1070,40043,94595
1071,27209,93981
1072,38061,93589
1073,27061,93770
1074,27295,94012
1075,38713,94917
1076,27133,100410
1077,38937,95499
1078,27284,94684
1079,39205,95723
1080,26739,96687
1081,27194,96480
1082,29771,100123
1083,27523,97082
1084,39704,97270
1085,27009,96080
1086,27323,96790
1087,44567,98607
1088,45319,98926
1089,44358,97392
1090,44033,101505
1091,43838,97743
1092,43589,97458
1093,44830,97028
1094,44697,98386
1095,44746,98765
1096,46196,98496
1097,44604,98418
1098,45056,99853
1099,44917,99617
1100,44422,100107
1101,44996,100132
1102,44008,100224
1103,47837,102897
1104,43932,100433
1105,45065,100726
1106,44739,100966
1107,44731,100952
1108,44146,101305
1109,43961,101204
1110,44093,103012
1111,44552,101734
1112,44505,101776
1113,44539,101955
1114,44540,102217
1115,44824,102332
1116,45480,108190
1117,44363,103066
1118,44750,108172
1119,45801,103947
1120,44811,103427
1121,45011,103658
1122,44659,103696
1123,45331,105581
1124,44993,103843
1125,44990,103831
1126,44677,103713
1127,45042,103734
1128,45420,111557
1129,46181,107491
1130,45161,104095
1131,44705,104147
1132,45518,103869
1133,45148,104852
1134,46071,106282
1135,45304,107558
1136,45055,107358
1137,45809,104712
1138,45332,106299
1139,44975,106349
1140,45182,105625
1141,48106,108932
1142,46614,108226
1143,45716,105942
1144,111877,117542
1145,29306,108430
1146,30169,112563
1147,31508,110003
1148,30323,109228
1149,31696,110837
1150,29911,110580
1151,29074,107086
1152,29501,107626
1153,30645,110271
1154,29449,109297
1155,29204,108295
1156,29764,107883
1157,29200,108106
1158,29841,110645
1159,29514,109152
1160,29643,109831
1161,29262,109247
1162,30026,110099
1163,33203,110832
1164,30884,111684
1165,29312,111864
1166,31918,116255
1167,29704,110859
1168,29627,110183
1169,29804,110815
1170,30255,111031
1171,30021,111860
1172,30251,111632
1173,32914,117154
1174,44178,133847
1175,34833,120700
1176,34089,119941
1177,33941,124438
1178,30838,118464
1179,31595,123656
1180,33243,122496
1181,33332,127501
1182,32819,125753
1183,35480,126907
1184,33560,119942
1185,31422,114965
1186,31814,115162
1187,31101,115370
1188,31223,117464
1189,31368,116469
1190,32054,117636
1191,32761,122445
1192,30840,116666
1193,30617,114852
1194,30585,115131
1195,30447,116129
1196,32184,117580
1197,32616,119605
1198,32363,117034
1199,30516,116485
1200,31297,117611
1201,30800,117095
1202,31177,118889
1203,32247,127271
1204,32225,126230
1205,31427,123811
1206,32758,120858
1207,30871,125934
1208,30798,125528
1209,31565,120752
1210,31094,121657
1211,30870,120558
1212,32104,118314
1213,39341,150514
1214,42578,144183
1215,34997,126093
1216,32170,124202
1217,32607,122189
1218,33463,121844
1219,31574,120778
1220,34390,133833
1221,38695,140590
1222,34953,142589
1223,41275,135811
1224,33256,127045
1225,34128,127669
1226,33085,126903
1227,38666,140270
1228,35943,128697
1229,32925,125560
1230,32122,124646
1231,32622,131495
1232,34868,137236
1233,37035,137646
1234,33128,128859
1235,33215,130984
1236,32319,130660
1237,34916,135631
1238,33297,134650
1239,37592,134155
1240,35331,130223
1241,32614,126577
1242,34001,126696
1243,32119,127531
1244,31989,127039
1245,32484,125406
1246,33249,125997
1247,32933,134393
1248,33092,129213
1249,35268,132021
1250,34843,131488
1251,33723,130927
1252,33732,127232
1253,32757,127794
1254,34690,132903
1255,31951,128939
1256,33306,133156
1257,32187,129118
1258,33938,129894
1259,33779,130626
1260,33824,133897
1261,34432,137810
1262,36654,134545
1263,36288,142293
1264,35863,133632
1265,33686,140036
1266,33282,131273
1267,33116,132474
1268,33258,133838
1269,32382,132944
1270,32939,131257
1271,32854,133216
1272,35025,134594
1273,33779,133179
1274,36754,134841
1275,36062,140904
1276,38769,144818
1277,37743,142718
1278,34232,136146
1279,38819,155648
1280,43265,166183
1281,35752,139820
1282,33620,135114
1283,34198,134411
1284,32508,133645
1285,33318,136368
1286,34354,143528
1287,33291,136061
1288,33698,140663
1289,42004,157766
1290,36411,150874
1291,35347,141764
1292,35160,142017
1293,34483,137345
1294,32728,135860
1295,33509,134649
1296,33240,133730
1297,33324,136906
1298,33121,134954
1299,33494,135269
1300,34553,143478
1301,34938,144591
1302,34959,137998
1303,34345,141210
1304,55861,179229
1305,34001,136682
1306,36119,137644
1307,35403,147484
1308,39100,155002
1309,34823,141617
1310,34653,140513
1311,35315,139393
1312,34682,141735
1313,35608,144086
1314,38039,145071
1315,34677,139934
1316,36484,142664
1317,36959,143307
1318,37302,147140
1319,38127,147094
1320,38037,148998
1321,36279,148352
1322,35983,143898
1323,34556,144139
1324,35288,158025
1325,34909,148536
1326,36980,152718
1327,35303,148311
1328,35020,147148
1329,46671,148935
1330,34076,146671
1331,34736,144641
1332,36545,143534
1333,36518,145665
1334,40556,160882
1335,35278,147865
1336,37737,160772
1337,41640,155496
1338,35398,145419
1339,47619,173862
1340,39267,156792
1341,37253,151808
1342,46632,174347
1343,43619,163950
1344,38266,149541
1345,40079,159194
1346,38576,157598
1347,46691,170279
1348,36811,151774
1349,37058,153667
1350,38082,154220
1351,37699,152317
1352,39125,152266
1353,37060,154923
1354,44910,162494
1355,36085,150326
1356,35803,157505
1357,39022,166319
1358,40189,161322
1359,40971,161504
1360,38472,159880
1361,44611,168210
1362,39122,157321
1363,38215,157378
1364,39846,161228
1365,37261,158412
1366,39738,156956
1367,36110,157136
1368,36426,154276
1369,39469,169221
1370,37352,158599
1371,39054,163198
1372,37178,158415
1373,36422,158836
1374,35993,152177
1375,36066,155578
1376,36336,152567
1377,36121,153554
1378,36826,153005
1379,36124,153136
1380,35944,153081
1381,43056,171365
1382,36858,162383
1383,47583,176709
1384,37407,157270
1385,36898,152752
1386,36562,152987
1387,36008,157080
1388,38180,157551
1389,41087,171930
1390,39614,159836
1391,36929,171108
1392,40618,158908
1393,42792,176425
1394,37010,159064
1395,38232,157439
1396,36862,158991
1397,38621,158282
1398,37428,161474
1399,38454,162707
1400,38119,163082
1401,42137,165246
1402,36167,156055
1403,36303,156888
1404,36842,157570
1405,36807,156742
1406,37393,157508
1407,37084,157324
1408,39348,160281
1409,37161,163657
1410,37999,161261
1411,37597,161596
1412,36640,159171
1413,37643,161225
1414,37988,162764
1415,37850,162927
1416,37407,163370
1417,40539,163939
1418,38099,160375
1419,38147,161347
1420,37556,163946
1421,38035,167509
1422,38418,164452
1423,38707,164770
1424,37369,160726
1425,39848,160225
1426,37374,162295
1427,37477,162522
1428,37139,165492
1429,37483,162790
1430,37641,161977
1431,41222,166835
1432,98293,164682
1433,41129,168400
1434,39075,168062
1435,38008,162586
1436,38194,163326
1437,38544,166563
1438,38192,164260
1439,38289,164362
1440,39784,164405
1441,38186,164647
1442,38365,164427
1443,38392,164806
1444,38148,164686
1445,37984,164790
1446,39889,167033
1447,38637,168308
1448,38334,166698
1449,38114,166374
1450,38969,168517
1451,38872,166574
1452,38175,167211
1453,38658,167703
1454,38240,166695
1455,38655,175340
1456,39279,171055
1457,38848,168734
1458,38459,167929
1459,38296,168096
1460,39542,169831
1461,38557,171745
1462,59240,230167
1463,43669,182687
1464,39507,177295
1465,45922,180045
1466,38820,173041
1467,39795,171643
1468,38272,170223
1469,45488,188292
1470,38940,174153
1471,39290,175315
1472,38672,180369
1473,46238,185942
1474,38757,176488
1475,40453,179442
1476,42929,179523
1477,39321,184318
1478,40954,181343
1479,38874,176627
1480,39945,177844
1481,40097,175522
1482,39552,176832
1483,39782,177792
1484,40493,174513
1485,39182,174633
1486,39059,174087
1487,41312,175527
1488,39092,174688
1489,39687,175241
1490,41875,182594
1491,39477,177787
1492,40409,178040
1493,40833,182251
1494,41664,180105
1495,39788,182096
1496,43269,184965
1497,43042,179010
1498,40571,188003
1499,43861,183278
1500,39962,178652
1501,39878,177863
1502,39973,180675
1503,41328,180820
1504,39713,181839
1505,40121,182742
1506,40073,178646
1507,41208,182688
1508,40196,181920
1509,39903,179358
1510,39989,179264
1511,40079,179689
1512,40239,180217
1513,40585,179505
1514,40681,185590
1515,41069,184783
1516,44005,184539
1517,45042,188234
1518,40637,186752
1519,40450,185939
1520,41050,186232
1521,41550,183007
1522,40369,182206
1523,41235,183704
1524,41977,183342
1525,40250,182454
1526,40363,183049
1527,40619,183036
1528,40572,183195
1529,40475,183718
1530,40793,184313
1531,40639,184620
1532,43336,190414
1533,40980,184309
1534,40751,184081
1535,40683,184754
1536,40741,185439
1537,40303,185700
1538,40866,186387
1539,40593,188915
1540,44819,191761
1541,41204,187758
1542,40991,187327
1543,41422,187427
1544,41288,187234
1545,40987,187435
1546,41089,187888
1547,42981,189023
1548,41402,188050
1549,44645,201619
1550,42350,191210
1551,41178,190540
1552,41473,190232
1553,41424,190110
1554,43207,196634
1555,42293,194294
1556,42165,193171
1557,41577,203691
1558,42125,201685
1559,44662,191558
1560,42543,196752
1561,41933,191376
1562,42577,192903
1563,41480,192457
1564,41541,191944
1565,43082,197844
1566,41676,196546
1567,41623,195517
1568,42062,194984
1569,41611,194100
1570,41874,193274
1571,41686,193725
1572,42018,195326
1573,42616,206837
1574,42981,196210
1575,42228,195412
1576,42029,194841
1577,42016,195312
1578,42120,195596
1579,41825,198504
1580,41754,199648
1581,42152,200635
1582,42332,197611
1583,41883,199990
1584,43159,200851
1585,43899,200262
1586,42688,201089
1587,42139,198465
1588,43658,200605
1589,42381,198925
1590,42511,199581
1591,42580,200831
1592,45193,204844
1593,42702,201228
1594,42438,199015
1595,48775,212772
1596,43661,205934
1597,83276,205140
1598,52992,201601
1599,42014,203921
1600,42963,203023
1601,42680,200356
1602,41901,201551
1603,43489,203826
1604,42292,206207
1605,43969,204251
1606,42735,202463
1607,42682,206378
1608,42744,203478
1609,43101,207483
1610,43855,207256
1611,43334,218680
1612,42696,208133
1613,43368,205781
1614,43172,205606
1615,42733,211209
1616,44532,207989
1617,43159,207347
1618,43014,206625
1619,44784,206365
1620,43363,205924
1621,42756,205646
1622,43401,206808
1623,43199,208899
1624,42859,207458
1625,42920,206626
1626,44552,210087
1627,43193,207901
1628,43232,208211
1629,43091,208513
1630,43801,211920
1631,44406,215624
1632,44177,211103
1633,46387,215782
1634,43249,208916
1635,44039,210268
1636,44166,216564
1637,43365,210385
1638,43958,211252
1639,44622,215435
1640,44554,214463
1641,50159,244848
1642,45454,222608
1643,49483,234134
1644,47582,226167
1645,51183,219384
1646,48781,221347
1647,44819,218567
1648,45770,219529
1649,43909,226679
1650,43432,214395
1651,44533,221153
1652,52556,232908
1653,45471,226056
1654,44986,219710
1655,45025,218448
1656,43815,215598
1657,46787,220846
1658,50224,233083
1659,45717,240163
1660,49120,224994
1661,46693,222475
1662,44775,221650
1663,46400,220999
1664,47280,216212
1665,46859,229488
1666,47745,226358
1667,49223,234901
1668,48472,231273
1669,95011,226333
1670,46498,227396
1671,44396,228071
1672,45401,225083
1673,44355,220412
1674,43927,224581
1675,46412,227509
1676,47254,227383
1677,45230,223982
1678,46166,221420
1679,44951,223874
1680,45815,230479
1681,45575,222714
1682,45966,224688
1683,47678,227342
1684,46258,231559
1685,44403,222436
1686,45191,222957
1687,44440,223329
1688,44832,228468
1689,44585,228271
1690,44821,224359
1691,44779,226665
1692,45122,226089
1693,44890,224481
1694,44878,225130
1695,44728,223947
1696,45186,227153
1697,46292,232495
1698,45241,227422
1699,44838,229133
1700,44619,226148
1701,44699,226250
1702,45036,226662
1703,47144,227447
1704,45174,227782
1705,45231,229445
1706,45823,229595
1707,45638,233917
1708,45689,232597
1709,46459,234108
1710,45724,234310
1711,44580,229788
1712,45059,228736
1713,44952,231470
1714,44933,229595
1715,45323,230290
1716,44688,229986
1717,46327,242678
1718,46251,236079
1719,46476,236069
1720,46629,238317
1721,45904,236417
1722,46936,240739
1723,45156,233217
1724,45088,236120
1725,45100,232936
1726,44594,232671
1727,47886,239514
1728,45413,235952
1729,45171,232958
1730,45146,240150
1731,52040,243500
1732,46210,237500
1733,45351,234205
1734,47633,237333
1735,45290,234203
1736,45559,234888
1737,45584,236643
1738,45337,235112
1739,45752,238496
1740,45842,236554
1741,45549,238199
1742,45637,235983
1743,47617,246453
1744,46798,242343
1745,46653,239571
1746,45751,237127
1747,46073,236998
1748,46512,238117
1749,45805,238237
1750,47652,241619
1751,46559,243924
1752,47694,241033
1753,45985,240679
1754,45863,240388
1755,47912,253568
1756,47478,245604
1757,48704,242669
1758,45923,240484
1759,46379,240403
1760,46328,241271
1761,46313,241511
1762,46700,243801
1763,46410,247120
1764,46623,242570
1765,46990,244205
1766,46293,241148
1767,46461,242326
1768,46166,244683
1769,47734,258939
1770,47928,250928
1771,46212,247555
1772,46224,250539
1773,47435,250541
1774,46421,245465
1775,46350,244646
1776,46374,251805
1777,46407,247140
1778,46519,245910
1779,46114,247154
1780,46389,247026
1781,46535,246878
1782,46285,246621
1783,47960,255527
1784,46347,247288
1785,46253,248038
1786,46454,247181
1787,47885,250770
1788,48300,249013
1789,47087,251738
1790,46804,249491
1791,47116,251417
1792,46488,252365
1793,50777,250684
1794,45852,253898
1795,46874,251557
1796,47386,255287
1797,46854,253733
1798,47030,251798
1799,46619,253125
1800,46812,253200
1801,46475,255156
1802,48381,259458
1803,49573,259889
1804,46947,253192
1805,47555,254970
1806,47027,253753
1807,46945,254365
1808,47061,259209
1809,46974,261009
1810,47124,260178
1811,47358,255744
1812,47112,256490
1813,47208,258909
1814,47343,258194
1815,48690,258119
1816,47625,259314
1817,47579,256138
1818,47312,258384
1819,48260,262318
1820,47482,258309
1821,47870,261499
1822,47940,260489
1823,49796,264299
1824,56964,276370
1825,50697,272607
1826,47084,265033
1827,48263,263271
1828,47388,259705
1829,51649,275530
1830,47782,265102
1831,52494,279708
1832,48041,264218
1833,52183,264652
1834,47866,263490
1835,47630,267631
1836,47895,261984
1837,47791,263457
1838,48177,265934
1839,48630,269983
1840,48069,265655
1841,47680,264364
1842,48934,266452
1843,48535,268287
1844,47951,266673
1845,52241,273868
1846,48023,264878
1847,47976,265190
1848,49617,273483
1849,48274,273758
1850,48047,266477
1851,49337,269739
1852,48231,265013
1853,48040,269962
1854,52937,269487
1855,48907,273924
1856,48202,270531
1857,48575,278348
1858,48339,270048
1859,48253,278530
1860,48622,274718
1861,48207,273181
1862,48463,270159
1863,48000,272023
1864,48775,269710
1865,50652,271511
1866,49157,274833
1867,49544,279482
1868,51645,275624
1869,48805,270757
1870,48515,271501
1871,48818,270283
1872,48680,271682
1873,50710,271726
1874,50493,277522
1875,48992,275122
1876,102008,284487
1877,52556,281529
1878,49834,284198
1879,50638,275620
1880,49034,280351
1881,48669,274997
1882,49191,275105
1883,49126,276124
1884,48737,275357
1885,48894,276063
1886,51476,299261
1887,51937,284399
1888,49098,278634
1889,50989,280559
1890,50095,280671
1891,51489,279847
1892,49535,281870
1893,50670,283490
1894,50297,278854
1895,49218,277955
1896,49143,277733
1897,49770,282735
1898,49298,281155
1899,49138,280595
1900,49247,279321
1901,49269,279565
1902,49173,281737
1903,51479,291648
1904,49390,286788
1905,49600,280225
1906,50033,282473
1907,49898,283687
1908,49362,282793
1909,49733,283253
1910,51148,283836
1911,49436,284019
1912,51542,289453
1913,49732,286795
1914,49885,288467
1915,50343,283965
1916,53238,286472
1917,49555,284986
1918,49461,284782
1919,50052,285562
1920,49994,289122
1921,50040,285436
1922,49544,287939
1923,49765,285317
1924,49905,286958
1925,49998,286820
1926,50794,289983
1927,49750,287488
1928,51092,289269
1929,50269,296688
1930,49994,288123
1931,50479,292725
1932,50011,289390
1933,50273,289221
1934,50324,295238
1935,50165,294124
1936,49822,290203
1937,50097,293925
1938,50687,299106
1939,50251,290729
1940,50375,292903
1941,50641,292942
1942,50188,295183
1943,50862,292322
1944,50026,291597
1945,50292,295127
1946,52728,292506
1947,50449,293476
1948,53307,303524
1949,52657,305612
1950,50341,295435
1951,52864,294478
1952,50226,299092
1953,50343,300455
1954,53712,319746
1955,63835,346256
1956,54050,314255
1957,51167,318358
1958,55230,313205
1959,57564,307240
1960,50811,308963
1961,52881,310100
1962,51444,311806
1963,51058,314795
1964,51376,304169
1965,51522,299375
1966,55325,326672
1967,52125,319820
1968,56202,316515
1969,51309,327670
1970,52347,320917
1971,53731,305580
1972,55518,312273
1973,53622,306607
1974,52364,311607
1975,51008,301478
1976,53258,302124
1977,56859,325887
1978,61031,363593
1979,55007,319744
1980,54399,315270
1981,52018,317340
1982,51423,306644
1983,51603,306573
1984,53732,315141
1985,51075,315011
1986,51011,304347
1987,51339,315598
1988,52091,313356
1989,52233,307489
1990,51103,309328
1991,51428,306820
1992,52865,305234
1993,50771,306397
1994,52210,311000
1995,51618,310210
1996,51521,309720
1997,51111,306828
1998,51389,307673
1999,51522,308226
2000,51145,314826
2001,53137,314168
2002,51454,309149
2003,51451,309809
2004,51855,309581
2005,52138,313084
2006,51789,310799
2007,51685,313616
2008,52767,312010
2009,51432,315110
2010,52909,322721
2011,54969,322760
2012,53001,321556
2013,53468,325786
2014,52877,320073
2015,53273,314274
2016,53067,318691
2017,51869,313590
2018,54740,316436
2019,52003,315557
2020,52108,316369
2021,54388,333360
2022,53260,315479
2023,52113,321836
2024,51690,315498
2025,52030,314494
2026,53690,320621
2027,52036,315978
2028,52306,316777
2029,53682,319999
2030,51932,317708
2031,52175,321908
2032,51874,318618
2033,52439,318530
2034,52141,320744
2035,53031,320696
2036,54867,329715
2037,52822,321600
2038,52404,320350
2039,52416,330689
2040,52447,321834
2041,53425,322541
2042,52652,321056
2043,52227,321604
2044,51994,320812
2045,52860,323818
2046,52508,327869
2047,58066,343154
2048,55081,330723
2049,52405,325706
2050,54797,333234
2051,56011,340408
2052,52776,336904
2053,55073,329161
2054,52691,324005
2055,53305,327393
2056,52526,329171
2057,52873,327415
2058,52769,326100
2059,53154,326625
2060,53009,326046
2061,53958,334570
2062,115789,335287
2063,55130,343638
2064,54702,333116
2065,53277,331374
2066,56314,335071
2067,53804,328614
2068,54253,330585
2069,55464,346123
2070,55124,340730
2071,57594,348604
2072,55362,335911
2073,54344,337683
2074,53983,333900
2075,53479,336004
2076,54463,341196
2077,53666,332531
2078,53496,332904
2079,53322,332224
2080,53522,333374
2081,56517,336173
2082,53114,333378
2083,53904,333752
2084,53629,333953
2085,53824,337440
2086,55778,345944
2087,54025,337956
2088,55016,339097
2089,53939,335732
2090,54079,338811
2091,54005,337585
2092,62250,374494
2093,57579,358803
2094,56635,345109
2095,55083,344819
2096,57221,355301
2097,54970,348652
2098,60902,351705
2099,54377,340562
2100,53685,345471
2101,55829,339801
2102,54180,341970
2103,55377,345220
2104,54075,345842
2105,54166,350918
2106,54702,342567
2107,54739,349760
2108,54096,343635
2109,56158,348484
2110,55273,347077
2111,57101,344922
2112,56114,347274
2113,55089,344635
2114,54601,348554
2115,54314,343574
2116,54580,347781
2117,58622,346871
2118,54433,346342
2119,56894,349748
2120,55469,352064
2121,54726,346695
2122,55034,349239
2123,54562,352585
2124,55479,347065
2125,55147,347785
2126,55201,349418
2127,54810,349463
2128,55035,353555
2129,55245,348195
2130,54965,348867
2131,55118,349543
2132,55009,354533
2133,59512,358287
2134,55056,348111
2135,55461,358773
2136,55080,350973
2137,55511,354984
2138,56035,353457
2139,55269,352148
2140,55274,350803
2141,55676,352236
2142,56387,371939
2143,57412,359248
2144,55253,355756
2145,55399,354125
2146,55764,353554
2147,57403,364293
2148,55344,354088
2149,55699,356952
2150,55419,355933
2151,56147,357361
2152,56697,357623
2153,55837,354972
2154,55783,356821
2155,55902,358113
2156,56232,366725
2157,55752,358967
2158,57270,361626
2159,55653,357999
2160,55648,359041
2161,56439,363953
2162,55772,358678
2163,56667,361683
2164,56786,361020
2165,56612,363377
2166,55723,361795
2167,56003,363071
2168,55729,361077
2169,56020,362369
2170,56261,365309
2171,55993,363365
2172,55977,362072
2173,55824,361721
2174,57476,368872
2175,56246,363289
2176,57448,368082
2177,56100,363768
2178,56681,363263
2179,58657,369233
2180,56799,363247
2181,56649,378405
2182,56611,368575
2183,61659,397552
2184,56808,373913
2185,57502,375509
2186,56602,366814
2187,56730,367699
2188,56679,376978
2189,56916,376162
2190,59232,369664
2191,57910,375967
2192,59901,388598
2193,61080,386495
2194,58048,383699
2195,65395,386682
2196,64343,402418
2197,71640,414475
2198,63299,391919
2199,60363,397926
2200,58071,394749
2201,59467,395101
2202,60607,398001
2203,60586,393341
2204,62175,398034
2205,59192,395986
2206,60998,397031
2207,95391,427162
2208,81597,434048
2209,62589,400108
2210,70063,397568
2211,62420,399806
2212,62601,396854
2213,61265,391785
2214,58848,404125
2215,60144,396220
2216,60988,394363
2217,60059,402799
2218,59639,383091
2219,57936,389280
2220,59443,390430
2221,58245,392828
2222,58142,387690
2223,61439,381555
2224,57791,382816
2225,58718,379641
2226,57825,388122
2227,57762,381006
2228,57902,380703
2229,58707,386037
2230,58472,386790
2231,58272,380954
2232,110205,407766
2233,59234,395103
2234,58776,392267
2235,58637,389555
2236,58398,384472
2237,58340,384790
2238,58147,387842
2239,58332,391829
2240,58657,386717
2241,58254,385732
2242,59878,399747
2243,61005,401488
2244,62986,403508
2245,59832,399296
2246,58789,386269
2247,59787,391066
2248,61557,388441
2249,58917,394970
2250,61701,394449
2251,61666,413346
2252,58767,396374
2253,60420,397094
2254,58445,390102
2255,59973,395307
2256,59141,391033
2257,59350,394461
2258,59199,389105
2259,58960,391667
2260,59214,391786
2261,60849,391429
2262,59203,396309
2263,59228,391975
2264,59250,415494
2265,59683,398944
2266,59386,397155
2267,60200,393776
2268,59743,396153
2269,59460,392403
2270,59225,395437
2271,59586,399950
2272,59259,400209
2273,59751,394963
2274,59459,404868
2275,59981,399104
2276,59677,403218
2277,59661,396683
2278,59389,396850
2279,59839,401793
2280,62360,397605
2281,59615,399041
2282,60034,398701
2283,63195,404118
2284,66133,407709
2285,62389,411843
2286,60092,411338
2287,59854,409688
2288,60010,409647
2289,59860,412673
2290,60263,406393
2291,61577,406014
2292,60206,407097
2293,60112,406342
2294,59903,400609
2295,60166,400613
2296,60213,412601
2297,60142,411931
2298,61040,405751
2299,60045,402851
2300,62245,403069
2301,61131,409893
2302,60325,403441
2303,60154,403619
2304,60719,403564
2305,60702,415011
2306,61212,418909
2307,60276,406599
2308,60709,406516
2309,60763,417490
2310,64940,437780
2311,61701,417380
2312,60917,407950
2313,65884,428531
2314,63584,423448
2315,61508,419969
2316,59897,408621
2317,61088,413206
2318,60708,414818
2319,67458,408728
2320,62872,409540
2321,61482,410727
2322,60651,411334
2323,60877,423274
2324,64646,450004
2325,62800,435875
2326,66619,419266
2327,61781,424623
2328,62362,421510
2329,61022,425933
2330,61722,424408
2331,63073,418578
2332,61397,419098
2333,63477,418288
2334,62566,416042
2335,62615,424073
2336,61363,417682
2337,63903,417569
2338,61780,417516
2339,62942,423407
2340,61673,419706
2341,62417,420521
2342,61919,417930
2343,61494,419723
2344,62144,420689
2345,64210,426512
2346,62643,421961
2347,62038,420971
2348,61964,422904
2349,62435,425270
2350,61980,422139
2351,62604,420901
2352,62220,424081
2353,63519,445063
2354,63897,427826
2355,62162,428752
2356,61787,427847
2357,62098,428207
2358,62370,422529
2359,63547,427391
2360,62052,430453
2361,62403,428672
2362,62447,424846
2363,62511,425818
2364,63057,427934
2365,65461,429601
2366,63122,427138
2367,62681,426916
2368,62630,429374
2369,62856,433054
2370,62616,427492
2371,62776,436963
2372,64600,431818
2373,62868,430000
2374,63028,430582
2375,63845,429914
2376,62869,432376
2377,63919,433943
2378,64238,439627
2379,63002,432427
2380,63698,439464
2381,62922,439684
2382,62807,432262
2383,63173,435404
2384,64514,439856
2385,64037,443180
2386,63072,433322
2387,118025,440668
2388,64355,445309
2389,66059,437560
2390,63435,437612
2391,63459,442181
2392,62803,440384
2393,65670,448274
2394,64838,444780
2395,63762,439326
2396,63260,443852
2397,63832,439763
2398,63738,448693
2399,66590,442846
2400,63505,440034
2401,63758,440982
2402,63635,444730
2403,66376,446914
2404,64921,447666
2405,63676,445750
2406,63614,448522
2407,68996,470357
2408,64123,447366
2409,70683,452124
2410,66926,465396
2411,66898,451969
2412,64149,445238
2413,64134,450038
2414,63648,447970
2415,64240,453144
2416,63907,449092
2417,65260,446114
2418,63919,447104
2419,65030,446879
2420,65433,449924
2421,65417,456504
2422,68425,456388
2423,63678,447106
2424,65803,459736
2425,64709,454203
2426,63916,447443
2427,64978,452005
2428,64094,454858
2429,67464,455110
2430,64476,450679
2431,64690,453175
2432,64718,451996
2433,64289,457218
2434,64353,451609
2435,64179,451424
2436,66774,452317
2437,66835,454215
2438,64373,453214
2439,82302,517344
2440,66857,488418
2441,67493,467076
2442,67236,469475
2443,64735,462763
2444,67296,459633
2445,64475,456667
2446,66069,464117
2447,65826,474708
2448,66396,462209
2449,64418,456402
2450,65479,461268
2451,66326,463694
2452,67167,459491
2453,64851,457757
2454,65083,462697
2455,64750,460123
2456,65015,462125
2457,65540,459215
2458,69403,467687
2459,65677,460912
2460,65428,465879
2461,65473,464554
2462,64897,462433
2463,65455,462659
2464,67848,466797
2465,65481,470424
2466,67281,482152
2467,66303,472260
2468,66468,476718
2469,66170,465449
2470,66390,464773
2471,69785,466729
2472,65822,465887
2473,65886,466385
2474,65833,466796
2475,66073,473428
2476,69073,476764
2477,66199,471385
2478,67800,472268
2479,69001,480293
2480,65991,468371
2481,66429,469155
2482,68732,481673
2483,66609,474145
2484,67248,474092
2485,66108,472046
2486,66306,480167
2487,66033,474553
2488,66339,471772
2489,66257,472992
2490,66351,476483
2491,65800,473373
2492,66439,472928
2493,66711,473294
2494,66499,496593
2495,66139,472841
2496,68625,480846
2497,72024,520806
2498,68428,481017
2499,66660,476371
2500,66313,497923
2501,68194,489529
2502,66288,483478
2503,67077,478575
2504,66409,483088
2505,67946,486565
2506,66858,479561
2507,66311,480843
2508,66292,481417
2509,67347,495371
2510,66861,484451
2511,67341,498734
2512,67851,489518
2513,66970,485805
2514,66291,484320
2515,66951,482795
2516,66892,489658
2517,67071,486663
2518,66912,486943
2519,69054,488617
2520,67974,493390
2521,67676,489652
2522,67194,483575
2523,67279,488552
2524,67286,483754
2525,69674,486685
2526,67164,484653
2527,67306,485324
2528,66837,487347
2529,67839,496293
2530,67095,487492
2531,67071,491097
2532,135556,496118
2533,67634,491944
2534,67182,496030
2535,69388,511210
2536,69209,493767
2537,68442,494776
2538,68421,498789
2539,67126,489220
2540,67659,491285
2541,68968,493528
2542,67796,497346
2543,67507,491394
2544,67304,494227
2545,68095,503718
2546,70312,501617
2547,67204,499026
2548,69893,504235
2549,67383,498094
2550,72014,500003
2551,70870,504243
2552,68944,504991
2553,68377,502951
2554,70059,499197
2555,68078,496110
2556,70105,498242
2557,67501,495461
2558,67712,496043
2559,67839,504854
2560,67227,505727
2561,67570,507706
2562,68232,512811
2563,69672,509239
2564,69003,500533
2565,67758,499744
2566,70321,501852
2567,68038,504762
2568,68447,505179
2569,68205,505253
2570,68655,504719
2571,68124,505979
2572,67863,506255
2573,67811,507037
2574,72098,514904
2575,69060,505952
2576,68007,507740
2577,73349,519990
2578,70421,515406
2579,70055,528338
2580,73877,512555
2581,71495,523033
2582,76316,545380
2583,70175,520796
2584,70306,519995
2585,78105,524855
2586,69248,511825
2587,69150,511233
2588,69284,511616
2589,70430,518397
2590,71892,514637
2591,70484,522879
2592,70062,519443
2593,69462,515306
2594,69183,510226
2595,70766,527889
2596,70155,515960
2597,69358,514425
2598,71281,515600
2599,77152,538737
2600,69771,514368
2601,69382,516986
2602,70891,525308
2603,69942,513761
2604,69192,516497
2605,70365,519439
2606,69654,513200
2607,70029,515872
2608,70609,521317
2609,69935,515962
2610,77026,547826
2611,78798,559367
2612,72010,544085
2613,70372,518075
2614,69709,518959
2615,69862,525328
2616,70367,520173
2617,69600,527065
2618,73080,543146
2619,70802,530650
2620,70782,522693
2621,71378,528028
2622,70124,531043
2623,70142,523545
2624,70427,524512
2625,71156,526635
2626,70471,523474
2627,70938,528878
2628,71511,528393
2629,74181,536340
2630,70560,527889
2631,70740,530427
2632,70779,533425
2633,71090,532615
2634,70893,544501
2635,70760,528863
2636,72635,531367
2637,70964,532668
2638,70662,527648
2639,72714,530403
2640,70922,532965
2641,71573,532895
2642,71096,531126
2643,71407,537529
2644,71653,534901
2645,71285,536411
2646,70965,535739
2647,72269,537731
2648,72164,534353
2649,71689,542020
2650,71630,539915
2651,71666,532720
2652,71710,541148
2653,75256,541114
2654,71655,537037
2655,71593,533659
2656,71802,543499
2657,71901,535960
2658,72170,542950
2659,75797,548335
2660,71744,541192
2661,87916,599156
2662,83068,575181
2663,72701,540652
2664,74845,550850
2665,75123,555692
2666,72947,555536
2667,71885,549429
2668,129549,545971
2669,72940,554673
2670,72138,542279
2671,71642,542978
2672,74960,548311
2673,73178,547201
2674,73494,549742
2675,73070,547696
2676,73129,555317
2677,74621,548454
2678,74812,550438
2679,72680,547343
2680,72183,548570
2681,72204,548210
2682,74378,550431
2683,74416,549070
2684,72258,549461
2685,72707,554225
2686,72420,547983
2687,74299,558747
2688,72309,550550
2689,72960,554588
2690,72753,550695
2691,73762,552542
2692,73057,552152
2693,73576,555623
2694,73941,563106
2695,73955,556801
2696,74431,571099
2697,72366,557316
2698,74381,561217
2699,72688,553439
2700,72667,552164
2701,73604,550934
2702,76376,555975
2703,74031,554403
2704,78218,563254
2705,76599,570062
2706,76480,557410
2707,76602,568739
2708,72769,564812
2709,74186,557810
2710,72808,556140
2711,73768,568394
2712,73078,555722
2713,73391,558060
2714,73559,564184
2715,73827,562613
2716,76024,578804
2717,73675,573149
2718,73221,561521
2719,73358,561159
2720,75642,573712
2721,73970,571239
2722,73335,565029
2723,73576,566497
2724,73629,565199
2725,75464,570365
2726,74031,572398
2727,73940,565800
2728,73812,563874
2729,73832,573961
2730,76456,579746
2731,73568,566124
2732,73545,570549
2733,73797,563384
2734,73949,571858
2735,73545,574177
2736,75381,570813
2737,75602,589536
2738,75912,586471
2739,74582,584501
2740,81888,593291
2741,81441,612217
2742,74307,582316
2743,74909,577707
2744,76933,585899
2745,74041,568334
2746,74414,572320
2747,74507,576395
2748,74530,574547
2749,74799,581782
2750,73979,576128
2751,75942,575723
2752,74796,588749
2753,79975,586432
2754,75454,576702
2755,74085,578066
2756,75340,579630
2757,75194,577449
2758,74717,576834
2759,74928,579084
2760,74428,576012
2761,76060,583268
2762,77930,591116
2763,76806,594265
2764,80796,597092
2765,77373,612631
2766,76424,587284
2767,75209,580868
2768,75929,584194
2769,75099,581080
2770,80055,598924
2771,78481,591772
2772,75726,581699
2773,75058,593159
2774,76902,598818
2775,80196,608628
2776,77031,594182
2777,76017,594371
2778,76665,589701
2779,77154,591287
2780,76238,601869
2781,75628,583359
2782,75035,587986
2783,75198,589668
2784,75917,586310
2785,78399,598122
2786,75488,593351
2787,75971,588654
2788,77255,594411
2789,76626,590362
2790,75491,588082
2791,75365,590874
2792,76094,595257
2793,81074,600353
2794,76874,594688
2795,76121,594826
2796,75743,593139
2797,132277,600409
2798,77076,606065
2799,75683,611026
2800,77946,599982
2801,77191,596018
2802,79613,606715
2803,75686,602012
2804,76131,597072
2805,77927,600201
2806,76331,595324
2807,76813,613510
2808,81380,610463
2809,84042,633357
2810,82501,625066
2811,76939,597957
2812,80580,635930
2813,78149,612722
2814,78142,616461
2815,76820,603768
2816,78503,614348
2817,77330,607137
2818,77208,612658
2819,78257,615162
2820,77113,605549
2821,76714,605783
2822,76741,614179
2823,76546,605405
2824,76658,605502
2825,76913,606648
2826,76954,603201
2827,80001,613404
2828,77362,608197
2829,76703,605237
2830,78145,607647
2831,77288,611151
2832,76710,606162
2833,77376,611030
2834,77169,607747
2835,76986,609839
2836,77508,613148
2837,77860,613747
2838,77578,610858
2839,77861,611210
2840,79360,609899
2841,79541,617322
2842,80893,616972
2843,78222,613312
2844,78583,614946
2845,77444,614188
2846,78029,615025
2847,79524,615688
2848,78760,627628
2849,80145,633033
2850,82045,638754
2851,85655,637598
2852,82967,640186
2853,79350,617386
2854,78508,615546
2855,80852,627051
2856,78334,615647
2857,79767,618981
2858,78664,622356
2859,78488,618215
2860,78480,618006
2861,79458,620783
2862,79119,622675
2863,78268,638916
2864,80979,629370
2865,79041,621861
2866,79296,630330
2867,78805,623015
2868,80298,644352
2869,79116,626796
2870,81444,634491
2871,78951,624542
2872,82593,637239
2873,81717,633800
2874,82716,631142
2875,79633,639903
2876,79681,630997
2877,79373,629387
2878,85347,679405
2879,80772,639022
2880,81147,635260
2881,80808,661727
2882,82809,640549
2883,79849,630633
2884,79925,634926
2885,82714,629586
2886,81204,637697
2887,79378,629440
2888,81422,634702
2889,79568,633932
2890,79545,635079
2891,80955,637571
2892,80161,631878
2893,83640,638780
2894,80353,630615
2895,80394,634487
2896,82866,637543
2897,80233,633742
2898,80772,652291
2899,87957,662141
2900,80697,633560
2901,81888,644888
2902,84369,667435
2903,88080,667759
2904,82437,655565
2905,80034,641431
2906,80314,643084
2907,80027,643181
2908,80371,643201
2909,82481,652794
2910,82443,643565
2911,80295,640543
2912,82105,645350
2913,80821,639142
2914,80437,646569
2915,80641,644366
2916,81616,648777
2917,80917,645656
2918,80446,648017
2919,80924,646050
2920,142234,653731
2921,81372,651687
2922,83681,654242
2923,84696,650042
2924,80753,646468
2925,80658,648525
2926,80880,648901
2927,81450,650297
2928,81184,647248
2929,81123,651661
2930,82824,654615
2931,81418,650586
2932,81457,653005
2933,84679,648781
2934,80761,654391
2935,84374,658960
2936,80634,656445
2937,81391,661613
2938,81959,653969
2939,82872,660750
2940,82278,665220
2941,81533,657473
2942,81838,655968
2943,86449,676642
2944,89935,703817
2945,84934,670799
2946,83770,671933
2947,84825,695602
2948,81924,680759
2949,83476,668397
2950,84262,666886
2951,83232,672842
2952,84917,669210
2953,84545,667677
2954,84504,671527
2955,84449,664501
2956,83765,673077
2957,82752,664093
2958,83420,667563
2959,82068,665576
2960,82016,662157
2961,83332,673808
2962,83940,669247
2963,82589,662633
2964,87970,666102
2965,84658,665926
2966,83011,670512
2967,82269,667864
2968,82384,663863
2969,82561,668204
2970,82821,673371
2971,83425,674554
2972,83072,668297
2973,86632,674337
2974,85713,683231
2975,86421,669209
2976,82195,670762
2977,83163,670677
2978,83034,669337
2979,85403,669348
2980,82352,679130
2981,82951,677558
2982,82800,677117
2983,83377,673701
2984,85324,671214
2985,85094,684034
2986,84118,683237
2987,83662,679946
2988,83455,680764
2989,83590,684330
2990,84583,684878
2991,82477,674177
2992,84776,693744
2993,85430,689552
2994,84725,685512
2995,83736,683455
2996,83533,678019
2997,82921,687041
2998,83254,679276
2999,87066,704202
3000,86037,693490
3001,84611,696848
3002,92909,722137
3003,97209,732317
3004,87821,713367
3005,89142,731702
3006,87549,738649
3007,91451,742485
3008,109145,768421
3009,86807,719735
3010,90362,735540
3011,88089,716688
3012,89291,728271
3013,89508,719433
3014,86725,721994
3015,89425,714256
3016,87616,713055
3017,87669,711567
3018,89610,708096
3019,86106,706529
3020,85160,712745
3021,87574,704679
3022,85364,704716
3023,87199,705289
3024,86418,718032
3025,87343,708449
3026,87506,704612
3027,84491,707149
3028,85721,708191
3029,92196,730229
3030,89979,727798
3031,87941,727397
3032,86323,706867
3033,87808,720407
3034,86397,709736
3035,88627,736025
3036,87906,718758
3037,87492,708612
3038,142240,723112
3039,87602,713909
3040,92163,713760
3041,86810,717760
3042,92819,714246
3043,86430,722420
3044,87188,714088
3045,90023,718707
3046,89635,719893
3047,90441,720980
3048,88818,714397
3049,93520,752023
3050,115427,995228
3051,149622,1182102
3052,129506,1004434
3053,85447,721197
3054,85707,734928
3055,87583,715855
3056,84562,713939
3057,88213,724996
3058,90788,730603
3059,86762,715777
3060,85575,712912
3061,83907,704928
3062,85017,718150
3063,85138,709851
3064,85207,710056
3065,93722,737391
3066,89889,736670
3067,86448,719375
3068,88214,737409
3069,85118,714707
3070,87999,719178
3071,87433,712562
3072,86092,716172
3073,89810,746487
3074,88652,728294
3075,90743,731645
3076,92076,738414
3077,87318,724899
3078,87431,725521
3079,85843,724573
3080,86306,717015
3081,85474,717752
3082,86192,727486
3083,85427,717115
3084,85350,719207
3085,85758,726980
3086,86268,722285
3087,87025,722019
3088,85251,725746
3089,87868,728021
3090,86101,729602
3091,85800,723105
3092,86142,721732
3093,86303,721369
3094,88472,739318
3095,85621,729851
3096,86431,725997
3097,89055,723423
3098,85862,725321
3099,87385,729677
3100,88364,731995
3101,86607,728269
3102,88203,730941
3103,87400,736975
3104,86749,726171
3105,87362,736376
3106,88517,726750
3107,86868,729911
3108,86804,732881
3109,86968,728468
3110,89519,736609
3111,87980,735421
3112,89473,740286
3113,94401,747728
3114,90788,733899
3115,88988,747128
3116,88529,744021
3117,89365,747508
3118,86784,743556
3119,88031,745463
3120,90125,736825
3121,86908,734964
3122,87544,748408
3123,88307,753101
3124,94352,772799
3125,89406,750328
3126,88055,745091
3127,91902,767897
3128,87276,750910
3129,88154,755278
3130,88332,745961
3131,97966,762349
3132,89900,760345
3133,88981,748825
3134,90224,740084
3135,87447,744367
3136,88487,748745
3137,90698,753662
3138,89331,743588
3139,90040,745429
3140,88152,750443
3141,88054,741997
3142,87828,743353
3143,87917,745472
3144,93524,776416
3145,89527,770639
3146,98664,797998
3147,90006,766916
3148,88521,746540
3149,89763,746488
3150,88908,747660
3151,88425,749827
3152,144279,763856
3153,88915,753784
3154,88744,754465
3155,89325,749896
3156,90073,755929
3157,88179,751233
3158,89684,753493
3159,90690,757052
3160,88805,749987
3161,88922,772162
3162,89003,761037
3163,89087,762218
3164,88781,757475
3165,89142,752684
3166,91584,754698
3167,91353,766180
3168,89448,766188
3169,91520,761600
3170,89421,764141
3171,91552,758523
3172,89099,757717
3173,89821,759742
3174,89501,760736
3175,92026,771022
3176,90834,772426
3177,92755,761414
3178,89327,763680
3179,90767,768380
3180,89747,765044
3181,99962,790991
3182,94975,802331
3183,94933,798684
3184,96598,776888
3185,92724,772479
3186,94381,781344
3187,90994,777163
3188,89960,767363
3189,90294,767134
3190,92186,784275
3191,90217,767908
3192,90078,771214
3193,90701,773553
3194,89545,766348
3195,89878,777200
3196,89354,767675
3197,91960,778680
3198,90039,766692
3199,89392,775039
3200,89671,770453
3201,90192,772587
3202,90703,773540
3203,89974,769728
3204,90297,776489
3205,91016,776332
3206,90069,775159
3207,91024,771940
3208,90740,792160
3209,93077,783150
3210,90246,780048
3211,90610,778039
3212,90765,775548
3213,96572,779565
3214,92194,776123
3215,90039,778950
3216,90806,785818
3217,90428,779452
3218,92576,781951
3219,90998,788893
3220,90926,792389
3221,91585,803888
3222,91115,780798
3223,91420,787891
3224,91680,792965
3225,92995,784487
3226,90716,786810
3227,91663,785026
3228,90680,793495
3229,91000,782858
3230,91849,787744
3231,91184,786509
3232,94207,789031
3233,90887,788097
3234,93231,788122
3235,93214,805381
3236,100873,820973
3237,93766,829177
3238,93227,798064
3239,95819,812211
3240,91489,789289
3241,91913,808035
3242,91682,800984
3243,93927,801927
3244,91718,801534
3245,96488,822452
3246,93054,800613
3247,94173,797958
3248,92381,814578
3249,92521,800798
3250,95926,816957
3251,95354,796211
3252,91922,796154
3253,91584,797345
3254,91731,801184
3255,93481,802646
3256,91748,805068
3257,98055,853539
3258,93071,821653
3259,91667,800211
3260,91863,804776
3261,217123,808405
3262,93704,812904
3263,92645,821003
3264,101117,808416
3265,92628,802112
3266,91580,805069
3267,92207,806421
3268,92024,802071
3269,92377,806808
3270,93586,807733
3271,92249,815637
3272,92719,810023
3273,91995,826922
3274,92530,807262
3275,91979,810904
3276,93347,804974
3277,92393,808713
3278,91855,831384
3279,92004,805710
3280,93640,816565
3281,91409,814195
3282,96197,820324
3283,91957,812372
3284,92692,821768
3285,92198,819941
3286,92027,814232
3287,92830,816233
3288,92563,818965
3289,92557,815830
3290,100453,880162
3291,92301,819002
3292,113695,830446
3293,96493,827116
3294,93119,831550
3295,95216,818336
3296,92115,817027
3297,92039,819188
3298,93579,829448
3299,91851,826390
3300,92321,821545
3301,92296,821215
3302,92403,822098
3303,93475,830965
3304,92307,818473
3305,93473,833824
3306,92862,819667
3307,94674,825217
3308,93125,821789
3309,94504,829460
3310,93249,832173
3311,92565,828758
3312,92149,827154
3313,93050,827930
3314,92117,823522
3315,91787,824332
3316,91947,851468
3317,92100,825189
3318,92499,832376
3319,95461,832286
3320,92934,836576
3321,93124,829828
3322,92079,834975
3323,93786,842525
3324,93109,849321
3325,92341,850473
3326,92894,848871
3327,92239,842125
3328,93216,842432
3329,94369,846745
3330,94011,837699
3331,92048,832845
3332,91889,844318
3333,92815,836959
3334,99111,853893
3335,93912,840498
3336,92164,842709
3337,92549,837482
3338,92314,840361
3339,92595,837588
3340,93485,843689
3341,93212,844138
3342,101360,930608
3343,96407,861947
3344,98032,872518
3345,98212,850930
3346,109373,864162
3347,101352,853282
3348,94852,843287
3349,94338,861030
3350,92879,848311
3351,94307,865537
3352,93655,844151
3353,97498,854489
3354,93697,853269
3355,94292,859852
3356,94052,849567
3357,95332,847858
3358,93617,851359
3359,94397,851467
3360,93825,852961
3361,103669,903333
3362,94864,871076
3363,94119,853335
3364,95224,856676
3365,93877,854026
3366,148391,854897
3367,98793,876503
3368,94833,862854
3369,93745,864687
3370,94190,862864
3371,95297,862848
3372,94158,852199
3373,94731,860219
3374,95679,864605
3375,94699,866302
3376,94244,855228
3377,94221,863256
3378,94154,855750
3379,95046,859553
3380,94642,858881
3381,94384,863680
3382,95738,861050
3383,93831,861713
3384,94372,863645
3385,95852,862566
3386,94693,861694
3387,95522,863643
3388,94059,862206
3389,95489,865279
3390,94530,874287
3391,103102,870069
3392,118306,932002
3393,96298,875538
3394,94498,882063
3395,100738,885557
3396,95878,872697
3397,94965,882093
3398,94647,880091
3399,97805,881931
3400,95263,880100
3401,95377,878148
3402,95856,867561
3403,95752,874065
3404,95650,875027
3405,95632,878649
3406,95343,874508
3407,98751,873881
3408,95711,868973
3409,95485,876628
3410,95917,876943
3411,95775,877379
3412,95801,871942
3413,96591,876468
3414,99201,875229
3415,96321,888978
3416,96586,873219
3417,96845,903161
3418,96580,879630
3419,96696,882729
3420,100217,886218
3421,101825,888470
3422,96656,880345
3423,96241,888501
3424,96702,882542
3425,96311,882707
3426,98623,882775
3427,96670,884545
3428,102555,891931
3429,97995,891672
3430,99739,888171
3431,96018,889893
3432,97291,886168
3433,96776,886458
3434,97123,892426
3435,96653,886371
3436,96585,888094
3437,100133,887198
3438,96699,888516
3439,96344,893822
3440,98038,895787
3441,102387,924736
3442,113000,929938
3443,97591,895537
3444,97046,905106
3445,104360,898451
3446,98755,889256
3447,97653,897660
3448,97243,896243
3449,101793,905512
3450,97028,889513
3451,99177,903198
3452,97427,899662
3453,97105,894029
3454,98140,915922
3455,101146,911971
3456,96870,897704
3457,96851,898755
3458,97618,898784
3459,96976,898592
3460,97375,911831
3461,104084,957584
3462,101666,899844
3463,97453,904189
3464,97033,904868
3465,98432,913129
3466,98343,917178
3467,97434,911669
3468,99939,901318
3469,146955,929164
3470,97675,917492
3471,97485,908131
3472,99817,904614
3473,101536,921691
3474,99076,917610
3475,101107,913185
3476,96751,906041
3477,97656,912799
3478,96671,907401
3479,98265,908037
3480,100329,914581
3481,99119,938646
3482,98882,913706
3483,104972,921430
3484,97554,916557
3485,102663,934460
3486,105403,931819
3487,100420,935248
3488,102676,943366
3489,103064,964040
3490,100854,956923
3491,101213,945400
3492,102965,954049
3493,101836,944143
3494,101567,942344
3495,100623,943732
3496,101470,946074
3497,101645,953594
3498,101511,949082
3499,99840,947470
3500,99962,938407
3501,101822,943035
3502,103520,949235
3503,100354,949710
3504,102029,946973
3505,101161,942987
3506,99026,953065
3507,101212,951770
3508,103201,941604
3509,100313,945848
3510,102901,943653
3511,102632,948120
3512,101522,945276
3513,102877,951812
3514,101542,964425
3515,135218,1325340
3516,170652,1543508
3517,98757,938468
3518,97990,937292
3519,103296,935541
3520,103965,942571
3521,100957,949722
3522,102383,951423
3523,98726,937941
3524,98251,937973
3525,98438,933134
3526,98083,930564
3527,100983,944413
3528,119866,996872
3529,105395,975245
3530,104383,968675
3531,105211,1005315
3532,104144,980212
3533,103715,979946
3534,108068,1011208
3535,104263,979593
3536,104822,1003303
3537,109020,994877
3538,107867,980143
3539,103374,985635
3540,99401,957022
3541,98739,953790
3542,98278,943285
3543,99863,948285
3544,98594,944956
3545,99767,943420
3546,99011,947978
3547,100822,949644
3548,98660,941102
3549,98595,948439
3550,98429,941191
3551,99021,954311
3552,98849,954704
3553,103225,967493
3554,102530,957632
3555,100584,958171
3556,100803,966484
3557,100663,962355
3558,99258,967966
3559,100612,962920
3560,98958,956390
3561,100426,959461
3562,98820,951056
3563,99533,954456
3564,99989,960400
3565,99655,966369
3566,99390,952265
3567,99296,958819
3568,147372,959166
3569,99449,967195
3570,98937,959791
3571,101652,972710
3572,98848,954490
3573,101101,967304
3574,98732,968585
3575,99767,961029
3576,101712,965406
3577,98698,961583
3578,99941,967066
3579,100086,958768
3580,110545,1015595
3581,99879,964470
3582,102458,982680
3583,101154,974267
3584,102509,977034
3585,101355,965960
3586,100961,988753
3587,105613,989986
3588,100872,974979
3589,101100,973795
3590,99658,967031
3591,100304,965875
3592,102305,972198
3593,99240,969990
3594,102501,966987
3595,100517,971632
3596,98923,972506
3597,99541,967671
3598,100182,973044
3599,99612,968172
3600,101092,969886
3601,99961,979979
3602,102752,971483
3603,101580,984010
3604,101943,976360
3605,99824,980888
3606,100755,973807
3607,100255,984259
3608,100370,973795
3609,100366,977513
3610,100412,978653
3611,102834,978458
3612,100153,979442
3613,101708,981343
3614,100833,995433
3615,105186,978607
3616,100692,982117
3617,100955,986463
3618,101157,981712
3619,100930,989734
3620,102218,979648
3621,101680,988063
3622,101022,983599
3623,101965,985128
3624,101578,988202
3625,110645,1035227
3626,101862,989428
3627,104848,1005308
3628,102358,995989
3629,101444,992931
3630,101007,991127
3631,105183,1004120
3632,105217,1000315
3633,101224,989442
3634,101233,998401
3635,101508,991585
3636,101424,994528
3637,103663,1003933
3638,102591,994273
3639,104239,1050824
3640,102445,1004679
3641,106799,999283
3642,108510,1040641
3643,104359,1019450
3644,103354,994505
3645,102099,1003729
3646,102772,993343
3647,101687,996923
3648,104270,1055082
3649,103039,1007924
3650,102082,998702
3651,101840,999127
3652,104461,996050
3653,104204,1009646
3654,102980,1004169
3655,101643,1003406
3656,103690,1020778
3657,101873,999489
3658,104697,1026359
3659,103880,999591
3660,102201,1014274
3661,102546,1003508
3662,105867,1013006
3663,103090,1014511
3664,101762,1003615
3665,158646,1028030
3666,104346,1018867
3667,104940,1013618
3668,108587,1037910
3669,106785,1028712
3670,103044,1019719
3671,104297,1035035
3672,103915,1021258
3673,102678,1021953
3674,109925,1018715
3675,105670,1034233
3676,114689,1083784
3677,107444,1058668
3678,104196,1016843
3679,105126,1038172
3680,108056,1019015
3681,103927,1018778
3682,103810,1021361
3683,103179,1016757
3684,103626,1021666
3685,105586,1024069
3686,106141,1019263
3687,103530,1018008
3688,103415,1014395
3689,106246,1029065
3690,105653,1017163
3691,106172,1038723
3692,103097,1023376
3693,104786,1047495
3694,103485,1026041
3695,103650,1017816
3696,106280,1025031
3697,107054,1044906
3698,107104,1034218
3699,102743,1029295
3700,104447,1026779
3701,103134,1031001
3702,102912,1027868
3703,103281,1025874
3704,103701,1029342
3705,103728,1033825
3706,106267,1039376
3707,105046,1039983
3708,107500,1030477
3709,103373,1033470
3710,102990,1042928
3711,116867,1086265
3712,106557,1035763
3713,110954,1069964
3714,107173,1064695
3715,108823,1067901
3716,106773,1058196
3717,104484,1051607
3718,103482,1041992
3719,103176,1031749
3720,103544,1045250
3721,103174,1032729
3722,103611,1039504
3723,106243,1046879
3724,103424,1034857
3725,103376,1044669
3726,103002,1036867
3727,103739,1040357
3728,111645,1097162
3729,105678,1057478
3730,103870,1048662
3731,104777,1046589
3732,108109,1046053
3733,106477,1048985
3734,104932,1060326
3735,104189,1047247
3736,105309,1041699
3737,106826,1050138
3738,107916,1070582
3739,104871,1060467
3740,109849,1068998
3741,105056,1048675
3742,103986,1056125
3743,105512,1048676
3744,104456,1052587
3745,104488,1055496
3746,104759,1046357
3747,104691,1054753
3748,104870,1057542
3749,107387,1054961
3750,105365,1056088
3751,107152,1071400
3752,105843,1058311
3753,108628,1148226
3754,113347,1063071
3755,110566,1091313
3756,108866,1068788
3757,105657,1077720
3758,105520,1066559
3759,159167,1081325
3760,110668,1061076
3761,106844,1060799
3762,104147,1063691
3763,104682,1059616
3764,104739,1061187
3765,107007,1065181
3766,104670,1064504
3767,104713,1069328
3768,107089,1067907
3769,104817,1068190
3770,107211,1061563
3771,106070,1082713
3772,106677,1072196
3773,108489,1071619
3774,105201,1060939
3775,105869,1089348
3776,109319,1077853
3777,106995,1070247
3778,104965,1073801
3779,104724,1065197
3780,105295,1071329
3781,104398,1070519
3782,108017,1132444
3783,106785,1084205
3784,107023,1083156
3785,107612,1090937
3786,105118,1072629
3787,105174,1078596
3788,106852,1085626
3789,106343,1080312
3790,106702,1086360
3791,105477,1075007
3792,105281,1078520
3793,105340,1084386
3794,111756,1122624
3795,105795,1078359
3796,109139,1113655
3797,106960,1092436
3798,107685,1093614
3799,106140,1078446
3800,108744,1095299
3801,105519,1084942
3802,105245,1081347
3803,106549,1085527
3804,106859,1084147
3805,105927,1084645
3806,105626,1096613
3807,105137,1081481
3808,105801,1085191
3809,108329,1095148
3810,105253,1087283
3811,115518,1142506
3812,105139,1078933
3813,105512,1087230
3814,112055,1118893
3815,105100,1090910
3816,110097,1126990
3817,106767,1104607
3818,105059,1087583
3819,104951,1089058
3820,107434,1099323
3821,105244,1093585
3822,106316,1097036
3823,105397,1089835
3824,105861,1092594
3825,106287,1104915
3826,105313,1095936
3827,105770,1128708
3828,105481,1097160
3829,105519,1097109
3830,104667,1101434
3831,105780,1091350
3832,106208,1107394
3833,106235,1102657
3834,120876,1174252
3835,106867,1110483
3836,109925,1117204
3837,106763,1110207
3838,147822,1388179
3839,105819,1106401
3840,106954,1131056
3841,107250,1123046
3842,106093,1103382
3843,108552,1146717
3844,106074,1108056
3845,106951,1108302
3846,106912,1109905
3847,106421,1106129
3848,106273,1120431
3849,106442,1106252
3850,106820,1108793
3851,173666,1117973
3852,109324,1114880
3853,121213,1116311
3854,106939,1120149
3855,106089,1118015
3856,107888,1126665
3857,108371,1127895
3858,107197,1110529
3859,106199,1115028
3860,106850,1119684
3861,107040,1120516
3862,109414,1146402
3863,125240,1311553
3864,109459,1147776
3865,110553,1148056
3866,108787,1142564
3867,109979,1146533
3868,111746,1147695
3869,112355,1150214
3870,111715,1147838
3871,112291,1152582
3872,112594,1165651
3873,116765,1192918
3874,110144,1153903
3875,118917,1168733
3876,113345,1155581
3877,115663,1180065
3878,111054,1153265
3879,115955,1157261
3880,109564,1153131
3881,111414,1165540
3882,111108,1151841
3883,109251,1161961
3884,109468,1155034
3885,111347,1155397
3886,115801,1158848
3887,121627,1169322
3888,169031,1746978
3889,155026,1568977
3890,116521,1144048
3891,111283,1154098
3892,108544,1157332
3893,116718,1210102
3894,116601,1150818
3895,107380,1146636
3896,107528,1135790
3897,111318,1160847
3898,108730,1145735
3899,110237,1140786
3900,108060,1136845
3901,108507,1138916
3902,110722,1145179
3903,111313,1161394
3904,112406,1154179
3905,109223,1156171
3906,107443,1137412
3907,108655,1188715
3908,108711,1147481
3909,111068,1159724
3910,111576,1170902
3911,110865,1180150
3912,116538,1154440
3913,109425,1158052
3914,110623,1151267
3915,108100,1153636
3916,108297,1154915
3917,108974,1147894
3918,109351,1150518
3919,108183,1147271
3920,109162,1145067
3921,108373,1152366
3922,108033,1157994
3923,108555,1148861
3924,111571,1155122
3925,111128,1154211
3926,108814,1157530
3927,108673,1155638
3928,109258,1150573
3929,111725,1150268
3930,109143,1159486
3931,110224,1166521
3932,110584,1180134
3933,110021,1159230
3934,108530,1158315
3935,109721,1159168
3936,109574,1160982
3937,108805,1152870
3938,112342,1176512
3939,113887,1174084
3940,114074,1173271
3941,158137,1179139
3942,111281,1185650
3943,120909,1242651
3944,118360,1223872
3945,114805,1220007
3946,117149,1217159
3947,116699,1238921
3948,120315,1246174
3949,116523,1217758
3950,119235,1236165
3951,119374,1226917
3952,111478,1202447
3953,110728,1195580
3954,115820,1187747
3955,109821,1189606
3956,112410,1177567
3957,109779,1171520
3958,108353,1167867
3959,108994,1167727
3960,112316,1195579
3961,112590,1180679
3962,111902,1185646
3963,110145,1172656
3964,112475,1199207
3965,111071,1189796
3966,109669,1173843
3967,111320,1177502
3968,109709,1189524
3969,112325,1229887
3970,109641,1202179
3971,110076,1200392
3972,109440,1186478
3973,109182,1177265
3974,111664,1186263
3975,112458,1181283
3976,109801,1199459
3977,112122,1193724
3978,111856,1187900
3979,113014,1192211
3980,111536,1195371
3981,110314,1179903
3982,112246,1181563
3983,109563,1194830
3984,110148,1191707
3985,121939,1272179
3986,117478,1215531
3987,116465,1220155
3988,110807,1209252
3989,111437,1186630
3990,117516,1223044
3991,111836,1209914
3992,111367,1206442
3993,111429,1201327
3994,112064,1201730
3995,109806,1191053
3996,113212,1206844
3997,114015,1229110
3998,115902,1201313
3999,117065,1208828
4000,110555,1192740
4001,114085,1222487
4002,111469,1199257
4003,111009,1197935
4004,111816,1194763
4005,111660,1202961
4006,112847,1243730
4007,111929,1219857
4008,113404,1219950
4009,110830,1203446
4010,111251,1199543
4011,111254,1198921
4012,112224,1205896
4013,112326,1216912
4014,116227,1217113
4015,111204,1205227
4016,112011,1213456
4017,111416,1201104
4018,111508,1208012
4019,113054,1212443
4020,112224,1209086
4021,112315,1209801
4022,127707,1301534
4023,113533,1231167
4024,112150,1235789
4025,111708,1225439
4026,111588,1216685
4027,115566,1236400
4028,113652,1218299
4029,161999,1239736
4030,112172,1232047
4031,112867,1214525
4032,111458,1217620
4033,111476,1217204
4034,114553,1218661
4035,114840,1269021
4036,110906,1213931
4037,112150,1219125
4038,111199,1242364
4039,110861,1212164
4040,111380,1216819
4041,111497,1226524
4042,111182,1214877
4043,115700,1276752
4044,116364,1219932
4045,111499,1216438
4046,111461,1229528
4047,112872,1221414
4048,111967,1228113
4049,111932,1218996
4050,112182,1249685
4051,111487,1225847
4052,117348,1236678
4053,111984,1233455
4054,112122,1224502
4055,111287,1227977
4056,112731,1236937
4057,112351,1234586
4058,125862,1321167
4059,118566,1254395
4060,111623,1253320
4061,114450,1244744
4062,113503,1225557
4063,111345,1252283
4064,114181,1258441
4065,111227,1229985
4066,112845,1233349
4067,111541,1237132
4068,110528,1230768
4069,111628,1238424
4070,112269,1244705
4071,113482,1237204
4072,114489,1247006
4073,112706,1244078
4074,113065,1246327
4075,111447,1244013
4076,111546,1239834
4077,113925,1238287
4078,113291,1242599
4079,114135,1297180
4080,113770,1246166
4081,112620,1240721
4082,112448,1235729
4083,114917,1238487
4084,112932,1258799
4085,112455,1246040
4086,114218,1276564
4087,113769,1259473
4088,112278,1257820
4089,113013,1254716
4090,114102,1249858
4091,112089,1247612
4092,111950,1259476
4093,112654,1254557
4094,122426,1343856
4095,112126,1250524
4096,113447,1266005
4097,116499,1274106
4098,111976,1257765
4099,118947,1266235
4100,112748,1256989
4101,111986,1259566
4102,113821,1259188
4103,112752,1250905
4104,114506,1255336
4105,114179,1261686
4106,113877,1266784
4107,118424,1260692
4108,114725,1256839
4109,112831,1268583
4110,115255,1272757
4111,113679,1260427
4112,113051,1256010
4113,118013,1278969
4114,114447,1317986
4115,157434,1280909
4116,115683,1266984
4117,116078,1270484
4118,114019,1264977
4119,113531,1262145
4120,113446,1272309
4121,117120,1288251
4122,114262,1277948
4123,113566,1298397
4124,113176,1267553
4125,114827,1269412
4126,113687,1270652
4127,117557,1272820
4128,114762,1276205
4129,126179,1376331
4130,114925,1275857
4131,117910,1289271
4132,114102,1291048
4133,115835,1270855
4134,115018,1286701
4135,116624,1285875
4136,115338,1282024
4137,114795,1281642
4138,115529,1286153
4139,117914,1276757
4140,114595,1273938
4141,114331,1290549
4142,114975,1284388
4143,115771,1305928
4144,114528,1284665
4145,114141,1280460
4146,114905,1283959
4147,116764,1279455
4148,115826,1294349
4149,117582,1301495
4150,115043,1296419
4151,115078,1286719
4152,113815,1291887
4153,117009,1286249
4154,114616,1294553
4155,115261,1301042
4156,118009,1306117
4157,117265,1304519
4158,114299,1300544
4159,115933,1304183
4160,114467,1301075
4161,115103,1295072
4162,118053,1302398
4163,115250,1317051
4164,119954,1333229
4165,113985,1308762
4166,118398,1337507
4167,115939,1327244
4168,117430,1315479
4169,115422,1315128
4170,116549,1314543
4171,115268,1304127
4172,117434,1294806
4173,120620,1300269
4174,114998,1303435
4175,114615,1317790
4176,117699,1303785
4177,115470,1305625
4178,115913,1304427
4179,115605,1313415
4180,116802,1325780
4181,118149,1324512
4182,122866,1321646
4183,117214,1328556
4184,115871,1330377
4185,115862,1307965
4186,116361,1315516
4187,116836,1306477
4188,117884,1303541
4189,117411,1315603
4190,116724,1312840
4191,125778,1319549
4192,120418,1320224
4193,115742,1319800
4194,116446,1315997
4195,116792,1319481
4196,119408,1316882
4197,116565,1329393
4198,123291,1372480
4199,168364,1337625
4200,118881,1338498
4201,120885,1324403
4202,116980,1334306
4203,116916,1332219
4204,116755,1322068
4205,118950,1320422
4206,118529,1323521
4207,117271,1318215
4208,116236,1321439
4209,119060,1329284
4210,119232,1322873
4211,115839,1322938
4212,120929,1326171
4213,116767,1326993
4214,116837,1321134
4215,116873,1323980
4216,117562,1343177
4217,118102,1339706
4218,120906,1344084
4219,117056,1324562
4220,116790,1326954
4221,122885,1325832
4222,120464,1340160
4223,116992,1365087
4224,117402,1337157
4225,115619,1338252
4226,116698,1335746
4227,117764,1341198
4228,117344,1350783
4229,116872,1357063
4230,121125,1339563
4231,125950,1402275
4232,118592,1355172
4233,117750,1375346
4234,119802,1342159
4235,117969,1343395
4236,117774,1356205
4237,116613,1347284
4238,117360,1353749
4239,117483,1349291
4240,122365,1347341
4241,118138,1348793
4242,119953,1352677
4243,121713,1348524
4244,117543,1342310
4245,117827,1348974
4246,119849,1363020
4247,118182,1345212
4248,119364,1362306
4249,119370,1365073
4250,117914,1355359
4251,120532,1372031
4252,117547,1352139
4253,119688,1359936
4254,118373,1354005
4255,117794,1372958
4256,122107,1376143
4257,118076,1359638
4258,118975,1354816
4259,119313,1377566
4260,120874,1362978
4261,120361,1355825
4262,120342,1353370
4263,118247,1363403
4264,123668,1419283
4265,118274,1362304
4266,120302,1405592
4267,121620,1360194
4268,121661,1368109
4269,118476,1379302
4270,122390,1383209
4271,119226,1365111
4272,118285,1358592
4273,119683,1360352
4274,119548,1365084
4275,119262,1364544
4276,121354,1368399
4277,119217,1377090
4278,118933,1371550
4279,119215,1361702
4280,118879,1362911
4281,117939,1368059
4282,175788,1380103
4283,122197,1383798
4284,119599,1373640
4285,118825,1372318
4286,120784,1386150
4287,118971,1375541
4288,121092,1381771
4289,120051,1385702
4290,119110,1377255
4291,118712,1390718
4292,138080,1460557
4293,127077,1413518
4294,128827,1442303
4295,125019,1458921
4296,128908,1442192
4297,124344,1437095
4298,124700,1448677
4299,130962,1448594
4300,122390,1414033
4301,126551,1399390
4302,120211,1391761
4303,121732,1399246
4304,123490,1383671
4305,119914,1388094
4306,119095,1382269
4307,119796,1382125
4308,121405,1391757
4309,120009,1383299
4310,119475,1392460
4311,122818,1435763
4312,119705,1390538
4313,120448,1388817
4314,120909,1415037
4315,121852,1401257
4316,122847,1399907
4317,123130,1410471
4318,122056,1404199
4319,119782,1399368
4320,121223,1387376
4321,119973,1399101
4322,120779,1392936
4323,120550,1395408
4324,121082,1387602
4325,119867,1392458
4326,122164,1401450
4327,120561,1403730
4328,122438,1439764
4329,125586,1414531
4330,121724,1412668
4331,122051,1406242
4332,123258,1435712
4333,123914,1418644
4334,124584,1407289
4335,120170,1399093
4336,120736,1400587
4337,121335,1402698
4338,120845,1403603
4339,120420,1405385
4340,122184,1414524
4341,122200,1412821
4342,120531,1413330
4343,119815,1415063
4344,119720,1406511
4345,120781,1410327
4346,120381,1425177
4347,123752,1421838
4348,120097,1421899
4349,120681,1413568
4350,122393,1409847
4351,119965,1416715
4352,119649,1417651
4353,120251,1417437
4354,120708,1427215
4355,120529,1426931
4356,121046,1419709
4357,120218,1423176
4358,121023,1428430
4359,121300,1426280
4360,126578,1474841
4361,120483,1422818
4362,186042,1464741
4363,121338,1420099
4364,121324,1440432
4365,123604,1442381
4366,121515,1429239
4367,123158,1433294
4368,120383,1424351
4369,120502,1425505
4370,122361,1430562
4371,140120,1507745
4372,123589,1447259
4373,122285,1427316
4374,126479,1467913
4375,123304,1439761
4376,121487,1437789
4377,124389,1440246
4378,123737,1428839
4379,123377,1451824
4380,121987,1437216
4381,123470,1435082
4382,121885,1433670
4383,121313,1430369
4384,122541,1440364
4385,126456,1461038
4386,126017,1443849
4387,122148,1432847
4388,122491,1438320
4389,123513,1437345
4390,123124,1492145
4391,149783,1584467
4392,122488,1462258
4393,126440,1467478
4394,123514,1441604
4395,128222,1454869
4396,126364,1455549
4397,124293,1446020
4398,122458,1441612
4399,125248,1448229
4400,122325,1440719
4401,122578,1447566
4402,123914,1446492
4403,124195,1453459
4404,122113,1451217
4405,123321,1451605
4406,128056,1448870
4407,122659,1451489
4408,122893,1452593
4409,124384,1464520
4410,126641,1496762
4411,123325,1456571
4412,122641,1452872
4413,123246,1453874
4414,122991,1452203
4415,123220,1456637
4416,125661,1456087
4417,124992,1458138
4418,127141,1463847
4419,126023,1483291
4420,127286,1501041
4421,141934,1590211
4422,126883,1511997
4423,129655,1513816
4424,129855,1528032
4425,128524,1517817
4426,132747,1489981
4427,137805,1536354
4428,126975,1537435
4429,127444,1483492
4430,124540,1493910
4431,132364,1504536
4432,128903,1551537
4433,133255,1518003
4434,125537,1484351
4435,127253,1516339
4436,140383,1550290
4437,133378,1526137
4438,128200,1523804
4439,129753,1536999
4440,166009,1572815
4441,133790,1536603
4442,130252,1548117
4443,132803,1529594
4444,132896,1524896
4445,131030,1541239
4446,132032,1534963
4447,133861,1564396
4448,129335,1580202
4449,132228,1548858
4450,132471,1584216
4451,138677,1627072
4452,131894,1564485
4453,133857,1551337
4454,128904,1503663
4455,127041,1516214
4456,125196,1496805
4457,149645,1625877
4458,144879,1667162
4459,133435,1535200
4460,139626,1599284
4461,130426,1535740
4462,138156,1633746
4463,136270,1557033
4464,131419,1567721
4465,131359,1580244
4466,134103,1531147
4467,130479,1527529
4468,129678,1519927
4469,131345,1539739
4470,126573,1512932
4471,128320,1543728
4472,128425,1530248
4473,127322,1509373
4474,126547,1516777
4475,133715,1595969
4476,139712,1616640
4477,136700,1602080
4478,133467,1586311
4479,135697,1574073
4480,152551,1628051
4481,139468,1621735
4482,139112,1580186
4483,131241,1568118
4484,137552,1549425
4485,129184,1567621
4486,135002,1566704
4487,129693,1567698
4488,129087,1582719
4489,133933,1562341
4490,131080,1524668
4491,131553,1627926
4492,131354,1588165
4493,129186,1610409
4494,137993,1623852
4495,145479,1577506
4496,128740,1568337
4497,133054,1587651
4498,137544,1598460
4499,138301,1594467
4500,134240,1559662
4501,128010,1560642
4502,131504,1539374
4503,128776,1538565
4504,126716,1542342
4505,126307,1527617
4506,126174,1531392
4507,172563,1905662
4508,151146,1673001
4509,142772,1600631
4510,132211,1587111
4511,131154,1556224
4512,132833,1575737
4513,139472,1685729
4514,156242,1679349
4515,158045,1669460
4516,150893,1611071
4517,172012,1620788
4518,136423,1606219
4519,162592,1830709
4520,212531,2103145
4521,140696,1614326
4522,143075,1720286
4523,240581,2282282
4524,221222,2089142
4525,191915,1816012
4526,153255,1698714
4527,145485,1670205
4528,144509,1617723
4529,134922,1612076
4530,137468,1613895
4531,131169,1582976
4532,140186,1584080
4533,132958,1591925
4534,128474,1557452
4535,143142,1654716
4536,130924,1586783
4537,130284,1569880
4538,127696,1542199
4539,127486,1553379
4540,162376,1808271
4541,185381,2011487
4542,166178,1897250
4543,136449,1634984
4544,131201,1594922
4545,133625,1635776
4546,137043,1641933
4547,134949,1606896
4548,134244,1616061
4549,132426,1626170
4550,134156,1599737
4551,141063,1649682
4552,134188,1637710
4553,130928,1600060
4554,130340,1570784
4555,126321,1564549
4556,130402,1616711
4557,134390,1622547
4558,136819,1616575
4559,133382,1604619
4560,127203,1572110
4561,133722,1579031
4562,129721,1581243
4563,146219,1611022
4564,132320,1590863
4565,126981,1586780
4566,129535,1573987
4567,127720,1583353
4568,135783,1595121
4569,130451,1582079
4570,130104,1566369
4571,127878,1568283
4572,128291,1575550
4573,128616,1573361
4574,129357,1590440
4575,128525,1579954
4576,131642,1588582
4577,134701,1585937
4578,131434,1583894
4579,154805,1707500
4580,155043,1688188
4581,153527,1686213
4582,155243,1681445
4583,143742,1689385
4584,153602,1715844
4585,144458,1693247
4586,145572,1692627
4587,150993,1678346
4588,145326,1678419
4589,147648,1696747
4590,178196,1682769
4591,138138,1679091
4592,137638,1682506
4593,179165,1666310
4594,139179,1687920
4595,144072,1714187
4596,149721,1714903
4597,136795,1704523
4598,145232,1685040
4599,135359,1653538
4600,133641,1658753
4601,138759,1671885
4602,136856,1679226
4603,138164,1680992
4604,131914,1639593
4605,131787,1642708
4606,147366,1723757
4607,139697,1630844
4608,141783,1672224
4609,131996,1658978
4610,135187,1662843
4611,134896,1690006
4612,132977,1603012
4613,134543,1645986
4614,141086,1663198
4615,143221,1667038
4616,134432,1651930
4617,139625,1693899
4618,141551,1681411
4619,133924,1678903
4620,136842,1685333
4621,139315,1664387
4622,143395,1702359
4623,148314,1714314
4624,146333,1682751
4625,135101,1648398
4626,141534,1671919
4627,132239,1623475
4628,149397,1724602
4629,145703,1706005
4630,140217,1696812
4631,137623,1706819
4632,135292,1669731
4633,132624,1675301
4634,137091,1685869
4635,145005,1661140
4636,133460,1677126
4637,142403,1687861
4638,142766,1662672
4639,139394,1690348
4640,133383,1638540
4641,144458,1729374
4642,148359,1690135
4643,141548,1707501
4644,138412,1735569
4645,135832,1681153
4646,139469,1721606
4647,134509,1704680
4648,137817,1663266
4649,136441,1686885
4650,131502,1625135
4651,130829,1633268
4652,132138,1656216
4653,132918,1631632
4654,130984,1629570
4655,133104,1622863
4656,132114,1637993
4657,132040,1652587
4658,131930,1656061
4659,129809,1624299
4660,132278,1631163
4661,135905,1632304
4662,132359,1644229
4663,138388,1668108
4664,141523,1726887
4665,130866,1642172
4666,130242,1637407
4667,178685,1645955
4668,130523,1632009
4669,132555,1649419
4670,130378,1637037
4671,131099,1643053
4672,130790,1640737
4673,130116,1628096
4674,134225,1636088
4675,130519,1632374
4676,132774,1634839
4677,134005,1633828
4678,130600,1637057
4679,131256,1634917
4680,131437,1646175
4681,131559,1635096
4682,131734,1639393
4683,134266,1636935
4684,143245,1698064
4685,148671,1704258
4686,139563,1697590
4687,138454,1697408
4688,141122,1693102
4689,137612,1762855
4690,138530,1759648
4691,134321,1685322
4692,134772,1685311
4693,133820,1663600
4694,139977,1663797
4695,135600,1647985
4696,132220,1666247
4697,136645,1662308
4698,132147,1646311
4699,133825,1672025
4700,139828,1700764
4701,146232,1714116
4702,145929,1714014
4703,143267,1729653
4704,135167,1699864
4705,134332,1697852
4706,144378,1761783
4707,143294,1766976
4708,146306,1749636
4709,139204,1754355
4710,138232,1699294
4711,135159,1682744
4712,140623,1720418
4713,147949,1744884
4714,142551,1729080
4715,137118,1688052
4716,136766,1688230
4717,135971,1685413
4718,136375,1675040
4719,135753,1681604
4720,132516,1675714
4721,138101,1678867
4722,142136,1756899
4723,139834,1716587
4724,137543,1742418
4725,135260,1741380
4726,134337,1675497
4727,139832,1822960
4728,137264,1717409
4729,135149,1702989
4730,133699,1681860
4731,134676,1681096
4732,135615,1719671
4733,161348,1771739
4734,149536,1799502
4735,138559,1767881
4736,137005,1710613
4737,138821,1711437
4738,133237,1699488
4739,132517,1700607
4740,173003,1752760
4741,135805,1684294
4742,138782,1703285
4743,141416,1758459
4744,140827,1735249
4745,142158,1751230
4746,139742,1719198
4747,139574,1700353
4748,139922,1703497
4749,134204,1717701
4750,137353,1705804
4751,137035,1745726
4752,137237,1691824
4753,140101,1781259
4754,135395,1713577
4755,135378,1728355
4756,136300,1773658
4757,142035,1755189
4758,140321,1743710
4759,137442,1722130
4760,134574,1732197
4761,137181,1747567
4762,136546,1746796
4763,137871,1731236
4764,137255,1747214
4765,137076,1768355
4766,148238,1788319
4767,139201,1747552
4768,136140,1761294
4769,135261,1737440
4770,141351,1735917
4771,139656,1733815
4772,140381,1747303
4773,140532,1740582
4774,133673,1718689
4775,139154,1704666
4776,144303,1812166
4777,137422,1752186
4778,148995,1745131
4779,152301,1746683
4780,136306,1728966
4781,134537,1711397
4782,142203,1720789
4783,133594,1715220
4784,134837,1720083
4785,134503,1710078
4786,136923,1702491
4787,135387,1720158
4788,135209,1715273
4789,138044,1722092
4790,138253,1738819
4791,137436,1734523
4792,135405,1731403
4793,135256,1723594
4794,134308,1713177
4795,135315,1720847
4796,141793,1773831
4797,139820,1828723
4798,136395,1778602
4799,138297,1805244
4800,144820,1768954
4801,137475,1791245
4802,158660,1811531
4803,153648,1800830
4804,140899,1742209
4805,135520,1743109
4806,134797,1740704
4807,135812,1741494
4808,134901,1736846
4809,134980,1731106
4810,134911,1730327
4811,199541,1750907
4812,135118,1731748
4813,135298,1737428
4814,134359,1735757
4815,134948,1753169
4816,141034,1791869
4817,135073,1737681
4818,138313,1776614
4819,139551,1764741
4820,137224,1748127
4821,139043,1742824
4822,136496,1755376
4823,135473,1768459
4824,135181,1748794
4825,137853,1737212
4826,138369,1753019
4827,135125,1742440
4828,136816,1742381
4829,141573,1759746
4830,136830,1751246
4831,140523,1765040
4832,135574,1748296
4833,148158,1797363
4834,136704,1807831
4835,140049,1749568
4836,141921,1742983
4837,139254,1755246
4838,138390,1754493
4839,146077,1759823
4840,134251,1766838
4841,139184,1762127
4842,135803,1765340
4843,135389,1757855
4844,135079,1762973
4845,135447,1753788
4846,137026,1764900
4847,137696,1762354
4848,135627,1752453
4849,135651,1754647
4850,138088,1808441
4851,156805,1837527
4852,138906,1873397
4853,148503,1848967
4854,158329,1880802
4855,144369,1881724
4856,154409,1818823
4857,137415,1826769
4858,138060,1788437
4859,146738,1885548
4860,148310,1813546
4861,149972,1876885
4862,149067,1847932
4863,138034,1811365
4864,140080,1817019
4865,138392,1789037
4866,145963,1878054
4867,149095,1851233
4868,144216,1875739
4869,148493,1892908
4870,146037,1855140
4871,140230,1837740
4872,138076,1817556
4873,156603,1893043
4874,138734,1816204
4875,137199,1783609
4876,136971,1816653
4877,148577,1832341
4878,145936,1878993
4879,142474,1851270
4880,138350,1804195
4881,141885,1884227
4882,185339,1870764
4883,139263,1851210
4884,138933,1817358
4885,140234,1791700
4886,149944,1847344
4887,140767,1843606
4888,142950,1826846
4889,138547,1790310
4890,142204,1836672
4891,152944,1903486
4892,149677,1962277
4893,149328,1892357
4894,142301,1882570
4895,149827,1845912
4896,145071,1934486
4897,144847,1872760
4898,146358,1875158
4899,149151,1855747
4900,139489,1841080
4901,162509,1887913
4902,144174,1902782
4903,145442,1903889
4904,146715,1866093
4905,145055,1877561
4906,150052,1940794
4907,146911,1897095
4908,145782,1889309
4909,138884,1824636
4910,145149,1877510
4911,149310,1924952
4912,148709,1893338
4913,144017,1877413
4914,154710,1820161
4915,159104,1845515
4916,158753,1912896
4917,143493,1844307
4918,141298,1871661
4919,145285,1810688
4920,140684,1816907
4921,166933,1977265
4922,151332,1909168
4923,152714,1896308
4924,143752,1846670
4925,138509,1857181
4926,143709,1908416
4927,152495,1932350
4928,148563,1894890
4929,141195,1870206
4930,145854,1825920
4931,138170,1820982
4932,138152,1823577
4933,153731,1890347
4934,148008,1915366
4935,155982,1892028
4936,143961,1896727
4937,150587,1928899
4938,150755,1981861
4939,148700,1933989
4940,164540,1942324
4941,146347,1900864
4942,144154,1918532
4943,149466,1942566
4944,153364,1950190
4945,147285,1921096
4946,144260,1899999
4947,147860,1948176
4948,158229,1942797
4949,148715,1909584
4950,143226,1923309
4951,189986,1988374
4952,151281,1948732
4953,152971,1926144
4954,160868,1947114
4955,146511,1928306
4956,144293,1939216
4957,154228,1974600
4958,152722,1946804
4959,148306,1904192
4960,146989,1902970
4961,141971,1867387
4962,144933,1857368
4963,145780,1897794
4964,148753,1909117
4965,145417,1916701
4966,143358,1868365
4967,140634,1859448
4968,140731,1847323
4969,142277,1842544
4970,140770,1846350
4971,142079,1856035
4972,141608,1872833
4973,140411,1849243
4974,140504,1847547
4975,141373,1882368
4976,143721,1896845
4977,143842,1872850
4978,141488,1851061
4979,140942,1840104
4980,141094,1846081
4981,141309,1854756
4982,142178,1848865
4983,139603,1857168
4984,149864,1929119
4985,147288,1956740
4986,149309,1926525
4987,151825,1964449
4988,147270,1934816
4989,150419,1952835
4990,148570,1948809
4991,146000,1919431
4992,148998,1933050
4993,149843,1954217
4994,144331,1907010
4995,141523,1892112
4996,147048,1909390
4997,150709,1889840
4998,144292,1889877
4999,145185,1917694
5000,146146,1933330